X.1,geo_id,StartTime,EndTime,Lon.50.,Lon.2.5.,Lon.97.5.,Lat.50.,Lat.2.5.,Lat.97.5.,sitenum,duration,period,geo.id2,band.id,animal.id,animal.taxon,deploy.on.date,deploy.on.time_GMT,deploy.off.date,deploy.off.time,lig.estimated.deploy.day,lig.estimated.recovery.day,animal.latest.date.born,animal.life.stage,Age.status,Wing.cord.mm,animal.mass,animal.sex,animal.taxon.detail,attachment.type,deploy.latitude,deploy.longitude,recovery.latitude,recovery.longitude,deployment.comments,deployment.end.type,manipulation.type,study.site,deploy.range,tag.comments,study.site.specification,tag.manufacturer.name,tag.mass,tag.model,tag.readout.method,tag.serial.no,Study,preliminary_analysis,recording_interval_seconds,light_threshold,Time_shift_hours,Recorded_North_South_mig,Light_Data_Available,Time_shift,In_habitat_median_zenith_angle,Hill_Ekstrom_median_angle,tol,MCMC.iter,MCMC.thin,MCMC.chains,changeLight.days,changelight.quantile,mergesites.distance,stat.nbr.limit,path.elongated,Insert_twilights,Range_region,Fall_carrib_edits,Clock_drift_edits,mod.deploy.lon,mod.deploy.lat,nbr.arrival,nbr.departure,spring.equinox.year,spring.equinox.date,Recaptured,IH.calib.start,IH.calib.end,IH.calib.start2,IH.calib.end2,Zenith0_adjustment,br.departure,br.arrival,br.departure.woodsworth,br.arrival.woodsworth,nbr.arrival.woodsworth,nbr.departure.woodsworth,X,First.trans.flight.start,first.trans.flight.start,First.trans.flight.start.1,first.trans.flight.start.1,light.review.quality,Breeding_region_MC,site_type,IQR.lon.dist,IQR.lat.dist,fall.br.departure,spring.br.arrival,NB_count,year.difference,NB.first.site.arrival,id,cluster,next.cluster
5,3254_001,2016-10-14 22:27:52,2016-10-22 10:09:40,-68.8390041387204,-71.0824241383488,-65.0834834136978,9.37205518204985,3.48466485367233,11.3763274364441,5,7.48736111111111,Post-breeding migration,,2740-82912,NA,Setophaga,2016-06-14,13:41:00,2017-06-10,NA,2016-06-14,2017-06-10,,AHY,Adult,75,12.73,Male,striata,harness,64.820971,-163.71321,NA,NA,,,,"Nome, Alaska",Breeding,,,Biotrack,?,MK-6,,,Deluca et al. 2019,No,120,NA,NA,Both,Yes,No,92.97459648,93,0.01,1000,20,3,1,0.86,250,14,TRUE,No,Western,FALSE,FALSE,-163.71321,64.82774,2016-10-28,2017-04-11,2017,2017-03-20,No,2016-08-10,2016-08-20,NA,NA,0,2016-08-22,2017-05-29,2016-07-25 0:00,2017-05-29 0:00,2016-10-31,2017-04-08,NA,,,,,,Northwestern Region,Stopover,658877.057716458,878495.860226484,2016-08-18 13:37:31,NA,NA,0,2016-10-28 21:58:42,1,9,10
6,3254_001,2016-10-23 22:19:25,2016-10-27 09:45:57,-64.2684882416564,-67.5994761131207,-61.1570355379938,5.34468053657639,-2.69862817171434,10.0393421804056,6,3.47675925925926,Post-breeding migration,,2740-82912,NA,Setophaga,2016-06-14,13:41:00,2017-06-10,NA,2016-06-14,2017-06-10,,AHY,Adult,75,12.73,Male,striata,harness,64.820971,-163.71321,NA,NA,,,,"Nome, Alaska",Breeding,,,Biotrack,?,MK-6,,,Deluca et al. 2019,No,120,NA,NA,Both,Yes,No,92.97459648,93,0.01,1000,20,3,1,0.86,250,14,TRUE,No,Western,FALSE,FALSE,-163.71321,64.82774,2016-10-28,2017-04-11,2017,2017-03-20,No,2016-08-10,2016-08-20,NA,NA,0,2016-08-22,2017-05-29,2016-07-25 0:00,2017-05-29 0:00,2016-10-31,2017-04-08,NA,,,,,,Northwestern Region,Stopover,714047.944952728,1417984.3733378,2016-08-18 13:37:31,NA,NA,0,2016-10-28 21:58:42,1,10,NA
7,3254_001,2016-10-28 21:58:42,2017-04-11 09:46:58,-57.1117640024516,-57.8599621603981,-56.4159946821311,5.79558844880605,4.94146999575225,6.40599229764947,7,164.491851851852,Non-breeding period,,2740-82912,NA,Setophaga,2016-06-14,13:41:00,2017-06-10,NA,2016-06-14,2017-06-10,,AHY,Adult,75,12.73,Male,striata,harness,64.820971,-163.71321,NA,NA,,,,"Nome, Alaska",Breeding,,,Biotrack,?,MK-6,,,Deluca et al. 2019,No,120,NA,NA,Both,Yes,No,92.97459648,93,0.01,1000,20,3,1,0.86,250,14,TRUE,No,Western,FALSE,FALSE,-163.71321,64.82774,2016-10-28,2017-04-11,2017,2017-03-20,No,2016-08-10,2016-08-20,NA,NA,0,2016-08-22,2017-05-29,2016-07-25 0:00,2017-05-29 0:00,2016-10-31,2017-04-08,NA,,,,,,Northwestern Region,Nonbreeding,159920.047802302,163029.876902591,2016-08-18 13:37:31,NA,1,0,2016-10-28 21:58:42,1,10,NA
16,3254_003,2016-10-23 22:12:30,2016-12-20 10:00:25,-63.330617446186,-63.4705897460035,-63.1932705590593,-0.370889523511383,-0.989195681535922,-0.0718786506383029,10,57.4916087962963,Non-breeding period,,2740-82914,NA,Setophaga,2016-06-14,15:48:00,2016-12-19,NA,2016-06-14,2016-12-19,,AHY,Adult,79,13.44,Male,striata,harness,64.82774,-163.71794,NA,NA,,,,"Nome, Alaska",Breeding,,,Biotrack,?,MK-6,,,Deluca et al. 2019,No,120,NA,NA,South,Yes,No,91.58918499,91,0.12,1000,20,3,1,0.8,250,14,FALSE,No,Western,FALSE,FALSE,-163.71321,64.82774,2016-10-23,2016-08-17,2017,2017-03-20,No,2016-08-01,2016-08-12,NA,NA,1,NA,NA,2016-08-15 0:00,NA,2016-10-27,NA,NA,,,,,,Northwestern Region,Nonbreeding,30870.3838862914,102115.264775521,2016-08-17 07:23:00,NA,1,0,2016-10-23 22:12:30,1,11,NA
22,3254_008,2016-10-11 22:37:44,2016-10-18 10:13:01,-70.6912926560966,-71.7889566685079,-69.7001263106131,7.9200279436092,1.53771224596017,11.030289783453,7,6.48283564814815,Post-breeding migration,,2740-82911,NA,Setophaga,2016-06-14,12:46:00,2017-06-05,NA,2016-06-14,2017-06-05,,AHY,Adult,76,12.46,Male,striata,harness,64.83017,-163.7117,NA,NA,,,,"Nome, Alaska",Breeding,,,Biotrack,?,MK-6,,,Deluca et al. 2019,No,120,NA,NA,Both,Yes,No,92.39717321,92.75,0.085,1000,20,3,1,0.8,250,14,TRUE,No,Western,FALSE,FALSE,-163.71321,64.82774,2016-10-26,2017-04-04,2017,2017-03-20,No,2016-08-01,2016-08-20,NA,NA,2,2016-08-25,2017-05-29,2016-10-30,2017-04-06,2016-10-30,2017-06-03 0:00,NA,,,,,,Northwestern Region,Stopover,230309.292837284,1056708.89778937,2016-08-25 06:44:59,NA,NA,0,2016-10-26 22:02:03,1,9,10
23,3254_008,2016-10-22 09:58:57,2016-10-25 09:51:18,-63.8725590827073,-65.8252792035891,-61.717050731076,5.83427798647075,-1.86525896784084,10.0658002610447,8,2.9946875,Post-breeding migration,,2740-82911,NA,Setophaga,2016-06-14,12:46:00,2017-06-05,NA,2016-06-14,2017-06-05,,AHY,Adult,76,12.46,Male,striata,harness,64.83017,-163.7117,NA,NA,,,,"Nome, Alaska",Breeding,,,Biotrack,?,MK-6,,,Deluca et al. 2019,No,120,NA,NA,Both,Yes,No,92.39717321,92.75,0.085,1000,20,3,1,0.8,250,14,TRUE,No,Western,FALSE,FALSE,-163.71321,64.82774,2016-10-26,2017-04-04,2017,2017-03-20,No,2016-08-01,2016-08-20,NA,NA,2,2016-08-25,2017-05-29,2016-10-30,2017-04-06,2016-10-30,2017-06-03 0:00,NA,,,,,,Northwestern Region,Stopover,454955.979034958,1328159.43798392,2016-08-25 06:44:59,NA,NA,0,2016-10-26 22:02:03,1,10,11
24,3254_008,2016-10-26 22:02:03,2017-04-04 09:47:43,-58.2900667895891,-58.3865145791543,-58.1865107810121,1.23736395703649,0.763233266163338,1.72459469696718,9,159.490046296296,Non-breeding period,,2740-82911,NA,Setophaga,2016-06-14,12:46:00,2017-06-05,NA,2016-06-14,2017-06-05,,AHY,Adult,76,12.46,Male,striata,harness,64.83017,-163.7117,NA,NA,,,,"Nome, Alaska",Breeding,,,Biotrack,?,MK-6,,,Deluca et al. 2019,No,120,NA,NA,Both,Yes,No,92.39717321,92.75,0.085,1000,20,3,1,0.8,250,14,TRUE,No,Western,FALSE,FALSE,-163.71321,64.82774,2016-10-26,2017-04-04,2017,2017-03-20,No,2016-08-01,2016-08-20,NA,NA,2,2016-08-25,2017-05-29,2016-10-30,2017-04-06,2016-10-30,2017-06-03 0:00,NA,,,,,,Northwestern Region,Nonbreeding,22259.1292289781,107018.264945376,2016-08-25 06:44:59,NA,1,0,2016-10-26 22:02:03,1,11,NA
30,3254_011,2016-10-11 10:14:30,2016-10-16 10:16:30,-69.17545790453,-70.3621015195872,-68.0857266523468,3.21388688748385,-4.21364930126392,8.75249766132827,8,5.00138888888889,Post-breeding migration,,2740-82903,NA,Setophaga,2016-06-12,13:37:00,2017-01-11,NA,2016-06-12,2017-01-11,,AHY,Adult,79.5,13.16,Male,striata,harness,64.86398,-163.69373,NA,NA,,,,"Nome, Alaska",Breeding,,,Biotrack,?,MK-6,,,Deluca et al. 2019,Yes ,120,NA,NA,South,Yes,No,91.5191813,92,0.05,1000,20,3,1,0.7,250,14,FALSE,No,Western,FALSE,FALSE,-163.71321,64.82774,2016-10-17,NA,2017,2017-03-20,No,2016-08-01,2016-08-10,NA,NA,0,2016-08-14,NA,2016-08-07 0:00,2016-10-28,NA,NA,NA,,,,,,Northwestern Region,Stopover,253006.28489314,1443384.87742651,2016-08-13 14:08:00,NA,NA,0,2016-10-17 22:16:47,1,13,11
31,3254_011,2016-10-17 22:16:47,2017-01-12 10:09:36,-63.4570942210026,-64.0082502772324,-62.9137188829667,-2.30071097500493,-4.11133705857558,-0.866889638709179,9,86.4950115740741,Non-breeding period,,2740-82903,NA,Setophaga,2016-06-12,13:37:00,2017-01-11,NA,2016-06-12,2017-01-11,,AHY,Adult,79.5,13.16,Male,striata,harness,64.86398,-163.69373,NA,NA,,,,"Nome, Alaska",Breeding,,,Biotrack,?,MK-6,,,Deluca et al. 2019,Yes ,120,NA,NA,South,Yes,No,91.5191813,92,0.05,1000,20,3,1,0.7,250,14,FALSE,No,Western,FALSE,FALSE,-163.71321,64.82774,2016-10-17,NA,2017,2017-03-20,No,2016-08-01,2016-08-10,NA,NA,0,2016-08-14,NA,2016-08-07 0:00,2016-10-28,NA,NA,NA,,,,,,Northwestern Region,Nonbreeding,121744.456741517,361170.234685078,2016-08-13 14:08:00,NA,1,0,2016-10-17 22:16:47,1,11,NA
37,3254_057,2016-10-09 22:54:23.411765,2016-10-16 10:13:01.714286,-70.9161829783109,-71.6313613505848,-70.2753013344639,6.91692645937318,0.911966132901636,10.5813161820574,6,6.4712766495485,Post-breeding migration,,2740-82921,NA,Setophaga,2016-06-15,11:40:00,2017-06-07,NA,2016-06-15,2017-06-07,,AHY,Adult,76,13.35,Male,striata,harness,64.6375,-165.28943,NA,NA,,,,"Nome, Alaska",Breeding,,,Biotrack,?,MK-6,,,Deluca et al. 2019,No,120,NA,NA,Both,Yes,No,91.77571139,93,0.14,1000,20,3,2,0.88,250,14,TRUE,No,Western,FALSE,FALSE,-163.71321,64.82774,2016-10-17,2017-04-16,2017,2017-03-20,No,2016-08-01,2016-08-20,NA,NA,2.5,2016-08-23,2017-06-01,2016-08-22,2017-06-04,2016-10-29,2017-04-02,NA,,,,,,Northwestern Region,Stopover,149857.173571718,1076387.12377393,2016-08-23 14:58:37,NA,NA,0,2016-10-17 22:21:06,1,9,11
38,3254_057,2016-10-17 22:21:06,2017-04-16 22:37:52,-63.3763090901499,-63.4625413695259,-63.3352068016945,2.55997923131121,2.16632365682549,2.74087878030612,7,181.011643518518,Non-breeding period,,2740-82921,NA,Setophaga,2016-06-15,11:40:00,2017-06-07,NA,2016-06-15,2017-06-07,,AHY,Adult,76,13.35,Male,striata,harness,64.6375,-165.28943,NA,NA,,,,"Nome, Alaska",Breeding,,,Biotrack,?,MK-6,,,Deluca et al. 2019,No,120,NA,NA,Both,Yes,No,91.77571139,93,0.14,1000,20,3,2,0.88,250,14,TRUE,No,Western,FALSE,FALSE,-163.71321,64.82774,2016-10-17,2017-04-16,2017,2017-03-20,No,2016-08-01,2016-08-20,NA,NA,2.5,2016-08-23,2017-06-01,2016-08-22,2017-06-04,2016-10-29,2017-04-02,NA,,,,,,Northwestern Region,Nonbreeding,14160.6729442823,63959.1837785304,2016-08-23 14:58:37,NA,1,0,2016-10-17 22:21:06,1,11,NA
46,4068_014,2016-10-12 10:15:02,2017-04-19 09:57:36,-63.0557575972146,-63.2775107238242,-62.8594548614024,1.4167024731709,0.0899301564188908,2.65811445482775,8,188.987893518519,Non-breeding period,,1760-53551,NA,Setophaga,2016-06-05,12:01:00,2017-06-03,NA,2016-06-05,2017-06-03,,NA,NA,NA,NA,Male,striata,harness,63.72073,-149.42917,NA,NA,,,,"Denali, Alaska",Breeding,,,Biotrack,?,MK-6,,,Deluca et al. 2019,Yes ,120,NA,NA,Both,Yes,No,91.51453942,91.75,0.1,1000,20,3,2,0.86,250,14,FALSE,No,Western,FALSE,FALSE,-149.416795,63.722625,2016-10-12,2017-04-19,2017,2017-03-20,No,2016-08-01,2016-08-20,NA,NA,2,2016-08-18,2017-05-29,2016-08-19,2017-05-28,2016-10-26,2017-04-19,NA,,,,,,Northwestern Region,Nonbreeding,46523.5402334399,285888.968362154,2016-08-18 06:39:47,2017-05-29 08:33:58,1,0,2016-10-12 10:15:02,1,11,NA
53,4105_008,2016-10-22 22:10:16,2017-04-24 10:28:11,-69.2582092439033,-69.4880991183715,-69.0120868638652,0.609095833335093,-0.233378438156772,1.30747509116543,6,183.51244212963,Non-breeding period,,2740-81720,NA,Setophaga,2016-06-18,,2017-06-25,NA,2016-06-18,2017-06-25,,AHY,Adult,76,12.75,Male,striata,harness,58.72798,-93.8313,NA,NA,,,,"Churchill, Manitoba",Breeding,,,Biotrack,?,MK-6,,,Deluca et al. 2019,Yes ,120,NA,NA,Both,Yes,No,92.73995246,90,0.18,1000,20,3,1,0.9,250,14,FALSE,No,Central,FALSE,FALSE,-93.8313,58.71955,2016-10-22,2017-04-24,2017,2017-03-20,No,2016-07-01,2016-08-20,2017-06-08,2017-06-22,-2.5,2016-08-28,2017-06-04,2016-08-28,2017-06-05,2016-11-05,2017-04-28,NA,,,,,,Central Region,Nonbreeding,52986.4475627077,171527.030271166,2016-09-10 01:05:03,2017-06-04 08:55:54,1,0,2016-10-22 22:10:16,1,13,NA
61,4105_009,2016-10-13 22:14:05.585144,2017-05-03 22:45:11.263434,-67.0205648552082,-67.0782556609514,-66.9466975138665,3.61173657747515,3.36755034609566,3.80326915714361,7,202.021593498728,Non-breeding period,,2740-81717,NA,Setophaga,2016-06-18,,2017-06-27,NA,2016-06-18,2017-06-27,,ASY,Adult,74.5,12.25,Male,striata,harness,58.731288,-93.82587,NA,NA,,,,"Churchill, Manitoba",Breeding,,,Biotrack,?,MK-6,,,Deluca et al. 2019,No,120,NA,NA,Both,Yes,No,91.7408646,90.25,0.08,1000,20,3,1,0.9,250,14,FALSE,No,Central,FALSE,TRUE,-93.8313,58.71955,2016-10-13,2017-05-03,2017,2017-03-20,No,2016-07-01,2016-08-20,2017-06-12,2017-06-23,0,2016-08-28,2017-06-01,2016-08-28,2017-06-06,2016-10-20,2017-05-02,NA,,,,,,Central Region,Nonbreeding,14615.8987236575,48503.9961749085,2016-08-29 11:23:44.07345,2017-06-01 09:16:33.188341,1,0,2016-10-13 22:14:05.585144,1,14,NA
66,4105_016,2016-10-10 22:40:17,2016-10-21 10:13:26,-70.080958437434,-70.8773188270456,-69.3777357758983,7.50830235862965,2.48284678147103,10.8712404912161,7,10.4813541666667,Post-breeding migration,,2740-81731,NA,Setophaga,2016-06-22,,2017-06-22,NA,2016-06-22,2017-06-22,,SY,Adult,71,13,Male,striata,harness,58.71955,-93.83599,NA,NA,,,,"Churchill, Manitoba",Breeding,,,Biotrack,?,MK-6,,,Deluca et al. 2019,No,120,NA,NA,Both,Yes,No,92.9037859080173,92,0.118,1000,20,3,1,0.8,250,14,FALSE,No,Central,FALSE,FALSE,-93.8313,58.71955,2016-10-22,2017-05-22,2017,2017-03-20,No,2016-07-10,2016-08-20,2017-06-15,2017-06-20,2,2016-09-11,2017-06-10,2016-09-09,2017-06-10,2016-10-31,2017-04-28,NA,,,,,,Central Region,Stopover,165501.448508801,933791.716342322,2016-09-11 00:47:00,2017-06-10 03:42:46,NA,0,2016-10-22 22:13:48,1,9,14
67,4105_016,2016-10-22 22:13:48,2017-03-30 10:19:53,-66.7357197016156,-66.9679732035773,-66.5059546243968,3.62380392200996,2.77053092665192,4.43186185374245,8,158.504224537037,Non-breeding period,,2740-81731,NA,Setophaga,2016-06-22,,2017-06-22,NA,2016-06-22,2017-06-22,,SY,Adult,71,13,Male,striata,harness,58.71955,-93.83599,NA,NA,,,,"Churchill, Manitoba",Breeding,,,Biotrack,?,MK-6,,,Deluca et al. 2019,No,120,NA,NA,Both,Yes,No,92.9037859080173,92,0.118,1000,20,3,1,0.8,250,14,FALSE,No,Central,FALSE,FALSE,-93.8313,58.71955,2016-10-22,2017-05-22,2017,2017-03-20,No,2016-07-10,2016-08-20,2017-06-15,2017-06-20,2,2016-09-11,2017-06-10,2016-09-09,2017-06-10,2016-10-31,2017-04-28,NA,,,,,,Central Region,Nonbreeding,51328.8376426528,184938.512842835,2016-09-11 00:47:00,2017-06-10 03:42:46,1,0,2016-10-22 22:13:48,1,14,NA
71,4105_017,2016-10-23 22:13:55,2016-11-14 10:28:35,-71.1822267395767,-71.2653796249457,-71.1419123454473,12.080448697592299,11.9612108036823,12.1437180277806,4,21.5101851851852,Post-breeding migration,,2740-81712,NA,Setophaga,2016-06-16,,2017-06-21,NA,2016-06-16,2017-06-21,,ASY,Adult,77,12.75,Male,striata,harness,58.71087,-93.84027,NA,NA,,,,"Churchill, Manitoba",Breeding,,,Biotrack,?,MK-6,,,Deluca et al. 2019,No,120,NA,NA,Both,Yes,No,93.15526598,94,0.09,1000,20,3,1,0.9,250,14,FALSE,No,Central,FALSE,FALSE,-93.8313,58.71955,2016-11-15,2017-04-23,2017,2017-03-20,No,2016-07-05,2016-08-20,2017-06-10,2017-06-20,2,2016-09-13,2017-05-31,2016-08-19 0:00,2017-06-06 0:00,2016-11-30 0:00,2017-03-22 0:00,NA,,,,,,Central Region,Stopover,13439.9427203542,20316.6112527218,2016-09-13 11:28:17,2017-05-31 03:13:19,NA,0,2016-11-15 22:28:51,1,9,11
72,4105_017,2016-11-15 22:28:51,2017-04-23 22:35:02,-64.7250592824544,-64.9773142074082,-64.436947720827,0.874758650372323,-0.0805863502561119,1.68657713948268,5,159.004293981481,Non-breeding period,,2740-81712,NA,Setophaga,2016-06-16,,2017-06-21,NA,2016-06-16,2017-06-21,,ASY,Adult,77,12.75,Male,striata,harness,58.71087,-93.84027,NA,NA,,,,"Churchill, Manitoba",Breeding,,,Biotrack,?,MK-6,,,Deluca et al. 2019,No,120,NA,NA,Both,Yes,No,93.15526598,94,0.09,1000,20,3,1,0.9,250,14,FALSE,No,Central,FALSE,FALSE,-93.8313,58.71955,2016-11-15,2017-04-23,2017,2017-03-20,No,2016-07-05,2016-08-20,2017-06-10,2017-06-20,2,2016-09-13,2017-05-31,2016-08-19 0:00,2017-06-06 0:00,2016-11-30 0:00,2017-03-22 0:00,NA,,,,,,Central Region,Nonbreeding,60146.3115208193,196719.739826187,2016-09-13 11:28:17,2017-05-31 03:13:19,1,0,2016-11-15 22:28:51,1,11,NA
79,4210_002,2016-10-15 21:56:44,2017-04-28 22:31:04,-63.8714086099496,-64.0206573171198,-63.7214207716136,-1.50662713117351,-2.19677667382058,-0.767178762499532,7,195.023842592593,Non-breeding period,,2740-81732,NA,Setophaga,2016-06-22,,2017-06-21,NA,2016-06-22,2017-06-21,,AHY,Adult,78,13.5,Male,striata,harness,58.63169,-93.8201,NA,NA,,,,"Churchill, Manitoba",Breeding,,,Biotrack,?,MK-6,,,Deluca et al. 2019,No,120,NA,NA,Both,Yes,No,92.71696,92.25,0.08,1000,20,3,1,0.9,250,14,FALSE,No,Central,FALSE,FALSE,-93.8313,58.71955,2016-10-15,2017-04-28,2017,2017-03-20,No,2016-07-05,2016-08-20,2017-06-10,2017-06-20,0,2016-09-06,2017-06-01,2016-09-06 0:00,2017-06-01 0:00,,,NA,,,,,,Central Region,Nonbreeding,33299.343966453,159142.111527386,2016-09-07 00:54:40,2017-05-31 03:14:07,1,0,2016-10-15 21:56:44,1,11,NA
84,4210_004,2016-10-11 10:22:45.170154,2016-11-28 22:14:51.17233,-71.2939815520708,-71.6736907622033,-70.8601346567771,0.299888171845224,-1.34936823684519,1.68590333082553,7,48.4945139140774,Non-breeding period,,2740-81716,NA,Setophaga,2016-06-18,,2017-06-24,NA,2016-06-18,2017-06-24,,ASY,Adult,76,12.5,Male,striata,harness,58.73192,-93.8277,NA,NA,,,,"Churchill, Manitoba",Breeding,,,Biotrack,?,MK-6,,,Deluca et al. 2019,No,120,NA,NA,Both,Yes,No,92.52651409,91.75,0.1,1000,20,3,2,0.86,250,14,FALSE,No ,Central,FALSE,TRUE,-93.8313,58.71955,2016-10-11,2017-04-17,2017,2017-03-20,No,2016-06-20,2016-09-05,2017-06-12,2017-06-21,0,2016-09-08,2017-06-03,2016-09-08,2017-06-03,2016-10-30,2017-04-20,NA,,,,,,Central Region,Nonbreeding,90563.4108544788,337884.885332406,2016-09-09 11:17:59.364594,2017-06-05 03:48:30.654993,1,0,2016-10-11 10:22:45.170154,1,13,NA
89,4210_006,2016-10-12 22:27:30,2016-10-16 22:17:30,-65.5926888864468,-67.34924437254,-63.9677909535028,-0.667709016634833,-6.58257072663721,7.02102811622881,5,3.99305555555556,Post-breeding migration,,2740-81704,NA,Setophaga,2016-06-15,,2016-12-31,NA,2016-06-15,2016-12-31,,ASY,Adult,73,11.75,Male,striata,harness,58.69371,-93.85276,NA,NA,,,,"Churchill, Manitoba",Breeding,,,Biotrack,?,MK-6,,,Deluca et al. 2019,No,120,NA,NA,South,Yes,No,92.79228387,92.5,0.05,1000,20,3,1,0.9,250,14,FALSE,No,Central,FALSE,FALSE,-93.8313,58.71955,2016-10-18,NA,2017,2017-03-20,No,2016-07-01,2016-08-20,NA,NA,3,2016-09-08,NA,2016-09-02 0:00,NA,2016-10-23,2017-04-20 0:00,NA,,,,,,Central Region,Stopover,376396.104852137,1514345.69614381,2016-09-08 11:09:30,NA,NA,0,2016-10-18 09:55:20,1,11,NA
90,4210_006,2016-10-18 09:55:20,2017-02-09 09:54:30,-58.9501114671572,-59.2619371149392,-58.657255130423,-0.342667863476091,-1.25638491083978,0.653822078345517,6,113.999421296296,Non-breeding period,,2740-81704,NA,Setophaga,2016-06-15,,2016-12-31,NA,2016-06-15,2016-12-31,,ASY,Adult,73,11.75,Male,striata,harness,58.69371,-93.85276,NA,NA,,,,"Churchill, Manitoba",Breeding,,,Biotrack,?,MK-6,,,Deluca et al. 2019,No,120,NA,NA,South,Yes,No,92.79228387,92.5,0.05,1000,20,3,1,0.9,250,14,FALSE,No,Central,FALSE,FALSE,-93.8313,58.71955,2016-10-18,NA,2017,2017-03-20,No,2016-07-01,2016-08-20,NA,NA,3,2016-09-08,NA,2016-09-02 0:00,NA,2016-10-23,2017-04-20 0:00,NA,,,,,,Central Region,Nonbreeding,67311.6867579453,212643.26934586,2016-09-08 11:09:30,NA,1,0,2016-10-18 09:55:20,1,11,NA
95,A,2013-10-18 04:00:00,2014-03-07 10:51:09.405404,-70.4847275573315,-70.6177526872857,-70.3665998460793,10.7266558733989,10.2314297196037,11.1089367077505,9,140.285525525508,Non-breeding period,,2110-80395,NA,Setophaga,2013-06-13,0:30:00,2014-06-04,NA,2013-06-13,2014-06-04,2012-07-01,AHY,Adult,NA,11.2,Male ,striata,harness,44.528354,-72.8165699,NA,NA,"captured and released on Mt Mansfield, VT",removal,none,"Mount Mansfield, Vermont, USA",Breeding,Biotrack model MK-6 (~0.5 g including harness),,Biotrack,0.5,MK-6,tag-retrieval,,Deluca et al. 2015,Yes ,120,NA,-4.010480796,Both,Yes,Yes,93.06528577,92.25,0.125,1000,20,3,1,0.9,250,14,FALSE,No,Eastern,TRUE,TRUE,-72.815699,44.528354,2013-10-11,2014-05-06,2014,2014-03-20,No,2013-07-01,2013-08-20,2014-05-30,2014-06-05,0,2013-09-13,2014-05-26,2016-10-23,NA,2016-09-02,NA,NA,2013-10-13,2013-10-15,2013-10-17,2013-10-18,good,Eastern Region,Nonbreeding,27469.672657399,97683.631088038,2013-08-12 00:18:55.893713,2014-05-26 00:41:31.733979,1,0,2013-10-18 04:00:00,1,9,NA
99,B,2013-10-24 04:00:00,2014-04-19 10:26:30,-71.478850865709,-71.6452360907002,-71.3017056951029,7.11680297178029,6.3696681658883,7.85643997253581,7,177.268402777778,Non-breeding period,,2490-89933,NA,Setophaga,2013-06-18,4:45:00,2014-06-17,NA,2013-06-18,2014-06-17,2012-07-01,AHY,Adult,NA,12.8,Female ,striata,harness,44.528354,-72.815699,NA,NA,"captured and released on Mt Mansfield, VT",removal,none,"Mount Mansfield, Vermont, USA",Breeding,Biotrack model MK-6 (~0.5 g including harness),,Biotrack,0.5,MK-6,tag-retrieval,,Deluca et al. 2015,No ,120,NA,NA,Both,Yes,No,92.52512211,92.5,0.16,1000,20,3,1,0.9,250,14,FALSE,,Eastern,TRUE,FALSE,-72.815699,44.528354,2013-09-21,2014-04-19,2014,2014-03-20,No,2013-07-01,2013-08-20,2014-05-25,2014-06-10,0,2013-09-03,NA,,,,,NA,2013-09-01,2013-11-01,2013-10-23,2013-10-24,good,Eastern Region,Nonbreeding,37947.0008288944,165506.680441796,2013-08-17 00:05:52,2014-05-10 00:11:27,1,0,2013-10-24 04:00:00,1,9,NA
103,C,2013-10-07 04:00:00,2014-03-02 10:24:45,-68.3270337562044,-68.3308289275438,-68.3251006892971,6.2493793240833,6.24797215709167,6.25518443862658,5,146.2671875,Non-breeding period,,2740-02206,NA,Setophaga,2013-06-16,0:12:00,2014-03-14,NA,2013-06-16,2014-03-14,2011-07-01,AHY,Adult,NA,12.7,Male,striata,harness,43.464762,-65.7499,NA,NA,"captured and released on Bon Portage Island, NS, Canada",removal,none,"Nova Scotia, Canada",Breeding,Migrate Technology Ltd Intigeo-W50 (0.45 g including harness) geolocators,Bon Portage Island,Migrate Technology Ltd,0.45,Intigeo-W50,,F562,Deluca et al. 2015,Yes ,300,NA,NA,South,Yes,No ,93.4612205,90.75,0.09,1000,20,3,1,0.97,250,14,FALSE,No,Eastern,TRUE,FALSE,-65.8820445,43.4367935,2013-09-02,NA,2014,2014-03-20,No,2013-06-15,2013-08-01,NA,NA,0,NA,NA,,,,,NA,2013-09-25,2013-09-27,2013-10-06,2013-10-07,good,Eastern Region,Nonbreeding,633.875254237771,802.867507924248,2013-08-06 00:11:08,NA,1,0,2013-10-07 04:00:00,1,9,NA
111,D,2013-11-10 10:41:35,2014-04-15 10:32:06,-72.3339564468041,-72.7186585403637,-71.9858403251966,11.2742091027964,10.1961880194067,11.8005396646278,11,155.993414351852,Non-breeding period,,2740-02250,NA,Setophaga,2013-08-25,1:45:00,2014-04-15,NA,2013-08-25,2014-04-15,2013-07-01,HY,Juvenile,72,12.1,Female,striata,harness,43.408825,-66.014189,NA,NA,"captured and released on Seal Island, NS, Canada",removal,none,"Nova Scotia, Canada",Breeding,Migrate Technology Ltd Intigeo-W50 (0.45 g including harness) geolocators,Seal Island,Migrate Technology Ltd,0.45,Intigeo-W50,tag-retrieval,F579,Deluca et al. 2015,Yes ,300,NA,4.476205333,South,Yes,Yes,91.86402267,91,0.185,1000,20,3,1,0.92,250,14,FALSE,No,Eastern,TRUE,FALSE,-65.8820445,43.4367935,2013-11-10,2014-04-15,2014,2014-03-20,No,2013-09-01,2013-10-17,NA,NA,0,NA,NA,,,,,NA,,,,,,Eastern Region,Nonbreeding,80002.7198524867,178595.608199363,2013-08-29 09:20:27,NA,1,0,2013-11-10 10:41:35,1,9,NA
119,E,2013-11-10 11:04:24.645777,2014-02-26 22:56:14.111755,-72.2671107039228,-72.5130794908078,-72.0528663349878,11.1196470854912,10.423792002709,11.6395758139534,9,108.494322522895,Non-breeding period,,2540-59026,NA,Setophaga,2013-06-18,0:50:00,2014-07-08,NA,2013-06-18,2014-07-08,2012-07-01,Adult,Adult,NA,11,Male ,striata,harness,44.528359,-72.815699,NA,NA,"captured and released on Mt Mansfield, VT",removal,none,"Mount Mansfield, Vermont, USA",Breeding,Biotrack model MK-6 (0.6 g including harness) geolocators,,Biotrack,0.6,MK-6,tag-retrieval,,Deluca et al. 2015,No ,120,NA,NA,Both,Yes,No ,93.38441885,91.5,0.255,1000,20,3,1,0.89,250,14,FALSE,No ,Eastern,FALSE,FALSE,-72.815699,44.528354,2013-11-10,2014-04-28,2014,2014-03-20,No,2013-07-01,2013-08-20,2014-05-25,2014-06-10,0,NA,2014-05-14,,,,,NA,,,,,,Eastern Region,Nonbreeding,50268.9142740749,135340.434782429,2013-08-28 23:48:01.749469,2014-05-11 00:14:50.471353,1,0,2013-11-10 11:04:24.645777,1,9,NA
127,V7638_001,2018-10-22 10:32:53.982418,2018-10-28 22:25:17.587707,-70.3087180365648,-72.0927225632292,-68.5896478181442,5.56108022814665,-1.58358531658047,10.6448331764876,9,6.49471765380767,Post-breeding migration,,1780-53957,NA,Setophaga,2018-06-12,,2019-07-08,NA,,,,AHY,Adult,NA,NA,Male,Striata,,63.72697,-149.4133,63.72709,-149.41327,,,,"Denali, Alaska",Breeding,,,Biotrack,,MK-6040,,,Unpublished,No,120,NA,NA,Both,Yes,No,90.47625391,91.25,0.14,1000,20,3,1,0.71,250,14,FALSE,No,Western,FALSE,TRUE,-149.416795,63.722625,2018-11-03,2019-04-27,2019,2019-03-19,Yes,2018-07-25,2018-08-25,NA,NA,0,2018-09-01,2019-05-22,,,,,NA,,,,,,Northwestern Region,Stopover,388124.562799183,1361261.3198553899,2018-08-31 15:11:51.360836,2019-05-24 07:16:37.408234,NA,0,2018-11-03 09:52:49.336562,1,13,14
128,V7638_001,2018-10-30 10:33:56.218514,2018-11-01 22:04:49.167294,-67.0188441223896,-69.943468021135,-63.8307521105541,2.54254623689277,-5.26650106465633,9.01190971067082,10,2.47977949976921,Post-breeding migration,,1780-53957,NA,Setophaga,2018-06-12,,2019-07-08,NA,,,,AHY,Adult,NA,NA,Male,Striata,,63.72697,-149.4133,63.72709,-149.41327,,,,"Denali, Alaska",Breeding,,,Biotrack,,MK-6040,,,Unpublished,No,120,NA,NA,Both,Yes,No,90.47625391,91.25,0.14,1000,20,3,1,0.71,250,14,FALSE,No,Western,FALSE,TRUE,-149.416795,63.722625,2018-11-03,2019-04-27,2019,2019-03-19,Yes,2018-07-25,2018-08-25,NA,NA,0,2018-09-01,2019-05-22,,,,,NA,,,,,,Northwestern Region,Stopover,679793.907974788,1589465.41684661,2018-08-31 15:11:51.360836,2019-05-24 07:16:37.408234,NA,0,2018-11-03 09:52:49.336562,1,14,11
129,V7638_001,2018-11-03 09:52:49.336562,2019-04-27 10:02:24.751165,-62.3907717878844,-62.396008438852,-62.3843969524187,3.40944057433957,3.3813586561115,3.4345646289479,11,175.006659891238,Non-breeding period,,1780-53957,NA,Setophaga,2018-06-12,,2019-07-08,NA,,,,AHY,Adult,NA,NA,Male,Striata,,63.72697,-149.4133,63.72709,-149.41327,,,,"Denali, Alaska",Breeding,,,Biotrack,,MK-6040,,,Unpublished,No,120,NA,NA,Both,Yes,No,90.47625391,91.25,0.14,1000,20,3,1,0.71,250,14,FALSE,No,Western,FALSE,TRUE,-149.416795,63.722625,2018-11-03,2019-04-27,2019,2019-03-19,Yes,2018-07-25,2018-08-25,NA,NA,0,2018-09-01,2019-05-22,,,,,NA,,,,,,Northwestern Region,Nonbreeding,1290.29693702921,5922.86180330827,2018-08-31 15:11:51.360836,2019-05-24 07:16:37.408234,1,0,2018-11-03 09:52:49.336562,1,11,NA
135,V7638_005,2018-10-29 22:30:13,2018-11-02 10:30:12,-71.1278028166584,-74.7735579036404,-67.5362784218481,7.56085273276366,-1.43670233083648,11.4200903765729,8,3.49998842592593,Post-breeding migration,,1760-53518,NA,Setophaga,2018-06-14,,2019-07-08,NA,,,,AHY,Adult,NA,NA,Male,Striata,,63.72635,-149.41446,63.72527,-149.41557,,,,"Denali, Alaska",Breeding,,,Biotrack,,MK-6040,,,Unpublished,No,120,NA,NA,Both,Yes,No,90.69946741,92,0.16,1000,20,3,1,0.63,250,14,FALSE,No,Western,FALSE,FALSE,-149.416795,63.722625,2018-11-10,2019-04-20,2019,2019-03-19,Yes,2018-07-25,2018-08-20,NA,NA,4,2018-08-22,2019-05-22,,,,,NA,,,,,,Northwestern Region,Stopover,798636.473023603,1431211.61742348,2018-08-23 06:17:14,2019-06-10 08:40:18,NA,0,2018-11-10 22:21:05,1,9,13
136,V7638_005,2018-11-03 22:27:27,2018-11-09 10:17:11,-69.1646563592297,-72.1469234522952,-65.9477765066016,5.00607887201446,-2.89030467369339,10.5404298635006,9,5.49287037037037,Post-breeding migration,,1760-53518,NA,Setophaga,2018-06-14,,2019-07-08,NA,,,,AHY,Adult,NA,NA,Male,Striata,,63.72635,-149.41446,63.72527,-149.41557,,,,"Denali, Alaska",Breeding,,,Biotrack,,MK-6040,,,Unpublished,No,120,NA,NA,Both,Yes,No,90.69946741,92,0.16,1000,20,3,1,0.63,250,14,FALSE,No,Western,FALSE,FALSE,-149.416795,63.722625,2018-11-10,2019-04-20,2019,2019-03-19,Yes,2018-07-25,2018-08-20,NA,NA,4,2018-08-22,2019-05-22,,,,,NA,,,,,,Northwestern Region,Stopover,687450.954969842,1495102.52966007,2018-08-23 06:17:14,2019-06-10 08:40:18,NA,0,2018-11-10 22:21:05,1,13,14
137,V7638_005,2018-11-10 22:21:05,2019-03-21 10:41:29.068965,-65.5495851204137,-66.2489389936826,-64.8644875024667,2.9354935489659,0.8409014084588,4.94442653838218,10,130.514167464872,Non-breeding period,,1760-53518,NA,Setophaga,2018-06-14,,2019-07-08,NA,,,,AHY,Adult,NA,NA,Male,Striata,,63.72635,-149.41446,63.72527,-149.41557,,,,"Denali, Alaska",Breeding,,,Biotrack,,MK-6040,,,Unpublished,No,120,NA,NA,Both,Yes,No,90.69946741,92,0.16,1000,20,3,1,0.63,250,14,FALSE,No,Western,FALSE,FALSE,-149.416795,63.722625,2018-11-10,2019-04-20,2019,2019-03-19,Yes,2018-07-25,2018-08-20,NA,NA,4,2018-08-22,2019-05-22,,,,,NA,,,,,,Northwestern Region,Nonbreeding,153914.197364771,456802.327920473,2018-08-23 06:17:14,2019-06-10 08:40:18,1,0,2018-11-10 22:21:05,1,14,NA
144,V7638_009,2018-10-17 22:41:05.402507,2018-10-24 10:22:52.427785,-72.4004785874422,-74.3684062604628,-70.3184597904058,9.13136621263749,3.18284701003529,11.9494235076238,7,6.48734982960754,Post-breeding migration,,1760-53502,NA,Setophaga,2018-07-07,,2019-07-10,NA,,,,AHY,Adult,NA,NA,Male,Striata,,63.72141,-149.42673,63.72145,-149.4257,,,,"Denali, Alaska",Breeding,,,Biotrack,,MK-6040,,,Unpublished,No,120,NA,NA,Both,Yes,No,90.76873855,92.75,0.12,1000,20,3,1,0.7,250,14,FALSE,No,Western,FALSE,FALSE,-149.416795,63.722625,2018-10-27,2019-04-26,2019,2019-03-19,Yes,2018-07-25,2018-08-22,NA,NA,2.5,2018-08-23,2019-05-23,,,,,NA,,,,,,Northwestern Region,Stopover,445122.208450347,975890.831711827,2018-08-23 14:25:06.18667,2019-05-22 07:50:42.242522,NA,0,2018-10-27 10:03:18.439452,1,9,14
145,V7638_009,2018-10-27 10:03:18.439452,2019-04-26 22:43:59.85118,-66.6391054786609,-66.9133499345133,-66.4232865818292,5.57844474119262,4.62001243267012,6.36367922577773,8,181.528257080184,Non-breeding period,,1760-53502,NA,Setophaga,2018-07-07,,2019-07-10,NA,,,,AHY,Adult,NA,NA,Male,Striata,,63.72141,-149.42673,63.72145,-149.4257,,,,"Denali, Alaska",Breeding,,,Biotrack,,MK-6040,,,Unpublished,No,120,NA,NA,Both,Yes,No,90.76873855,92.75,0.12,1000,20,3,1,0.7,250,14,FALSE,No,Western,FALSE,FALSE,-149.416795,63.722625,2018-10-27,2019-04-26,2019,2019-03-19,Yes,2018-07-25,2018-08-22,NA,NA,2.5,2018-08-23,2019-05-23,,,,,NA,,,,,,Northwestern Region,Nonbreeding,54295.2376997234,194104.09952188,2018-08-23 14:25:06.18667,2019-05-22 07:50:42.242522,1,0,2018-10-27 10:03:18.439452,1,14,NA
151,V7638_010,2018-10-12 22:38:16.77259,2018-10-18 10:30:34.142948,-72.0895206000087,-73.9754709524087,-69.4929152102346,9.29842205665961,3.07388375455879,12.1000826658637,7,5.49464549025452,Post-breeding migration,,2850-21906,NA,Setophaga,2018-07-03,,2019-07-08,NA,,,,AHY,Adult,NA,NA,Male,Striata,,63.717,-149.40282,63.72733,-149.41238,,,,"Denali, Alaska",Breeding,,,Biotrack,,MK-6040,,,Unpublished,No,120,NA,NA,South and partial North,Yes,No,91.5976866669376,93.5,0.13,1000,20,3,1,0.83,250,14,TRUE,No,Western,FALSE,TRUE,-149.416795,63.722625,2018-10-26,2019-04-27,2019,2019-03-19,No,2018-07-25,2018-08-24,NA,NA,4,2018-08-26,NA,,,,,NA,,,,,,Northwestern Region,Stopover,492435.820048771,1004791.86660526,2018-08-26 06:04:46.071474,NA,NA,0,2018-10-26 22:24:08.446694,1,9,NA
152,V7638_010,2018-10-19 22:38:01.406635,2018-10-24 22:29:36.618922,-71.0456446363065,-74.8397271944755,-67.5222414648948,7.4692802520272,0.27624033267214,11.4694230915305,8,4.99415754962023,Post-breeding migration,,2850-21906,NA,Setophaga,2018-07-03,,2019-07-08,NA,,,,AHY,Adult,NA,NA,Male,Striata,,63.717,-149.40282,63.72733,-149.41238,,,,"Denali, Alaska",Breeding,,,Biotrack,,MK-6040,,,Unpublished,No,120,NA,NA,South and partial North,Yes,No,91.5976866669376,93.5,0.13,1000,20,3,1,0.83,250,14,TRUE,No,Western,FALSE,TRUE,-149.416795,63.722625,2018-10-26,2019-04-27,2019,2019-03-19,No,2018-07-25,2018-08-24,NA,NA,4,2018-08-26,NA,,,,,NA,,,,,,Northwestern Region,Stopover,807657.550834473,1246019.40507216,2018-08-26 06:04:46.071474,NA,NA,0,2018-10-26 22:24:08.446694,1,9,10
153,V7638_010,2018-10-26 22:24:08.446694,2019-02-26 10:10:28.504876,-62.9890614555183,-63.8121932724115,-62.2557681796966,8.0404162497285,5.75817730301151,9.95194545926728,9,122.490509932659,Non-breeding period,,2850-21906,NA,Setophaga,2018-07-03,,2019-07-08,NA,,,,AHY,Adult,NA,NA,Male,Striata,,63.717,-149.40282,63.72733,-149.41238,,,,"Denali, Alaska",Breeding,,,Biotrack,,MK-6040,,,Unpublished,No,120,NA,NA,South and partial North,Yes,No,91.5976866669376,93.5,0.13,1000,20,3,1,0.83,250,14,TRUE,No,Western,FALSE,TRUE,-149.416795,63.722625,2018-10-26,2019-04-27,2019,2019-03-19,No,2018-07-25,2018-08-24,NA,NA,4,2018-08-26,NA,,,,,NA,,,,,,Northwestern Region,Nonbreeding,171557.134746249,466848.135659438,2018-08-26 06:04:46.071474,NA,1,0,2018-10-26 22:24:08.446694,1,10,NA
161,V7638_011,2018-10-11 22:24:49.411765,2018-10-26 22:20:40,-68.0905285035077,-69.671096157656,-66.2750288628531,6.72829654997622,-0.156417725972316,10.7074659898554,9,14.9971132897558,Non-breeding period,,1760-53590,NA,Setophaga,2018-07-12,,2019-07-08,NA,,,,AHY,Adult,NA,NA,Male,Striata,,63.72384,-149.41913,63.72527,-149.41557,,,,"Denali, Alaska",Breeding,,,Biotrack,,MK-6040,,,Unpublished,No,120,NA,NA,Both,Yes,No,91.35702502,92.75,0.08,1000,20,3,1,0.86,250,14,FALSE,No,Western,FALSE,FALSE,-149.416795,63.722625,2018-10-11,2019-04-26,2019,2019-03-19,Yes,2018-07-25,2018-08-25,NA,NA,3.5,2018-08-22,2019-05-22,,,,,NA,,,,,,Northwestern Region,Nonbreeding,375444.072788081,1209362.00328327,2018-08-21 05:12:30,2019-05-21 07:06:00,1,0,2018-10-11 22:24:49.411765,1,9,NA
166,V8296_004,2019-10-04 10:16:46,2020-02-15 22:58:16,-67.9142694343105,-68.0940197082254,-67.7394743668692,5.14047904910231,4.55679857260952,5.72025895857817,8,134.528819444444,Non-breeding period,,2920-25333,NA,Setophaga,2019-07-10,7:00,?,NA,2019-07-10,,,SY,Adult,71,12,Male,striata,harness,47.38248,-71.08315,NA,NA,,,,Quebec,Breeding,,,Lotek,?,ML-6740,,,Unpublished,No ,120,NA,59.21956088,Both,Yes,Yes,92.84767818,93.75,0.15,1000,20,3,1,0.9,250,14,FALSE,,Eastern,FALSE,FALSE,-71.08716,47.38339,2019-10-04,2020-04-18,2020,2020-03-19,No,2019-07-17,2019-09-10,NA,NA,0,2019-09-10,2020-05-27,,,,,NA,,,,,,Eastern Region,Nonbreeding,39309.0673796575,129515.817724176,2019-08-16 09:26:46,2020-05-26 00:50:16,1,0,2019-10-04 10:16:46,1,14,NA
172,V8296_005,2019-10-09 04:00:00,2020-03-14 10:52:02,-70.8730578278812,-70.9579748988195,-70.8070442176275,0.77348508142151,0.128778284542854,1.62356611346672,5,157.286134259259,Non-breeding period,,2920-25307,NA,Setophaga,2019-06-18,6:45,?,NA,2019-06-18,,,SY,Adult,72,11.4,Male,striata,harness,47.38323,-71.09479,NA,NA,,,,Quebec,Breeding,,,Lotek,?,ML-6740,,,Unpublished,Yes ,120,NA,55.95313996,Both,Yes,Yes,93.33852757,93,0.085,1000,20,3,1,0.8,250,14,FALSE,Yes,Eastern,TRUE,FALSE,-71.08716,47.38339,2019-10-11,2020-04-01,2020,2020-03-19,No,2019-07-01,2019-08-20,NA,NA,0,2019-09-09,2020-05-27,,,,,NA,2019-09-28,2019-10-01,2019-10-08,2019-10-09,good,Eastern Region,Nonbreeding,16799.9955900667,166399.019959788,2019-08-24 09:41:28,2020-05-28 00:50:26,1,0,2019-10-09 04:00:00,1,13,NA
178,V8296_006,2019-10-13 22:37:27,2019-11-18 10:25:47,-69.8580883456081,-70.2257588667354,-69.5243967172469,9.02719052741129,7.47015814979705,10.4075505467584,8,35.4918981481481,Non-breeding period,,2920-25329,NA,Setophaga,2019-07-09,8:20,?,NA,2019-07-09,,,AHY,Adult,73,13.1,Male,striata,harness,47.38599,-71.08172,NA,NA,,,,Quebec,Breeding,,,Lotek,?,ML-6740,,,Unpublished,No,120,NA,NA,Both,Yes,Yes,92.40639789,93,0.1,1000,20,3,1,0.92,250,14,FALSE,Yes ,Eastern,FALSE,FALSE,-71.08716,47.38339,2019-10-13,2020-05-04,2020,2020-03-19,No,2019-07-17,2019-09-10,NA,NA,0,2019-09-21,2020-05-28,,,,,NA,,,,,,Eastern Region,Nonbreeding,77108.2244165586,326989.025889772,2019-08-14 09:28:02,2020-05-28 00:40:57,1,0,2019-10-13 22:37:27,1,9,NA
183,V8296_007,2019-10-12 10:05:36,2020-04-11 10:12:51,-67.317970871963,-67.4264980653655,-67.2095369477523,3.06786352374031,2.47298546642323,3.64671904095307,7,182.005034722222,Non-breeding period,,2920-25318,NA,Setophaga,2019-06-20,5:35,?,NA,2019-06-20,,,AHY,Adult,73,12.1,Male,striata,harness,47.38746,-71.0869,NA,NA,,,,Quebec,Breeding,,,Lotek,?,ML-6740,,,Unpublished,No,120,NA,54.3868677,South and partial North,Yes,Yes,92.90782594,93.25,0.15,1000,20,3,2,0.9,250,14,FALSE,,Eastern,FALSE,FALSE,-71.08716,47.38339,2019-10-12,2020-04-30,2020,2020-03-19,No,2019-07-10,2019-09-10,NA,NA,0,NA,NA,,,,,NA,,,,,,Eastern Region,Nonbreeding,24117.3875413097,130659.423843631,2019-07-10 01:08:06,NA,1,0,2019-10-12 10:05:36,1,14,NA
188,V8296_008,2019-10-07 10:30:17,2019-11-20 22:39:02,-72.1949603655403,-72.5090987557498,-71.8721219875293,4.21992647803724,2.88440604300203,5.40461558891075,6,44.5060763888889,Non-breeding period,,2920-25324,NA,Setophaga,2019-06-21,7:45,?,NA,2019-06-21,,,AHY,Adult,72,12.2,Male,striata,harness,47.3895,-71.08481,NA,NA,,,,Quebec,Breeding,,,Lotek,?,ML-6740,,,Unpublished,No,120,NA,55.21313448,South and partial North,Yes,Yes,93.14868707,93,0.1,1000,20,3,1,0.9,250,14,FALSE,Yes ,Eastern,FALSE,FALSE,-71.08716,47.38339,2019-10-07,2020-04-11,2020,2020-03-19,No,2019-07-01,2019-09-15,NA,NA,0,2019-08-05,NA,,,,,NA,,,,,,Eastern Region,Nonbreeding,70715.6922831749,280548.443342905,2019-08-04 00:35:17,NA,1,0,2019-10-07 10:30:17,1,13,NA
192,V8296_015,2019-10-08 10:19:11,2019-10-16 10:07:53,-69.4517033029856,-70.243913897043,-68.6348565805264,5.74661156304446,0.336998930013547,10.3321554526135,7,7.99215277777778,Post-breeding migration,,2920-25306,NA,Setophaga,2019-06-18,6:45,?,NA,2019-06-18,,,SY,Adult,71,11.6,Male,striata,harness,47.38323,-71.09479,NA,NA,,,,Quebec,Breeding,,,Lotek,?,ML-6740,,,Unpublished,No,120,NA,53.31282753,South,Yes,Yes,92.66070786,94.25,0.15,1000,20,3,1,0.86,250,14,FALSE,No,Eastern,FALSE,FALSE,-71.08716,47.38339,2019-10-18,NA,2020,2020-03-19,No,2019-07-17,2019-09-10,NA,NA,0,2019-07-16,NA,,,,,NA,,,,,,Eastern Region,Stopover,178219.207193193,1112655.7344949,2019-08-01 09:07:56,NA,NA,0,2019-10-18 10:27:53,1,9,13
193,V8296_015,2019-10-18 10:27:53,2020-03-12 10:54:01,-73.9859137192089,-74.2039022623799,-73.7696432719004,1.13382618866931,0.394991981520953,1.85152663183213,8,146.018148148148,Non-breeding period,,2920-25306,NA,Setophaga,2019-06-18,6:45,?,NA,2019-06-18,,,SY,Adult,71,11.6,Male,striata,harness,47.38323,-71.09479,NA,NA,,,,Quebec,Breeding,,,Lotek,?,ML-6740,,,Unpublished,No,120,NA,53.31282753,South,Yes,Yes,92.66070786,94.25,0.15,1000,20,3,1,0.86,250,14,FALSE,No,Eastern,FALSE,FALSE,-71.08716,47.38339,2019-10-18,NA,2020,2020-03-19,No,2019-07-17,2019-09-10,NA,NA,0,2019-07-16,NA,,,,,NA,,,,,,Eastern Region,Nonbreeding,48332.0245830746,162140.695595399,2019-08-01 09:07:56,NA,1,0,2019-10-18 10:27:53,1,13,NA
199,V8296_017,2019-10-12 04:00:00,2020-03-29 10:31:50,-71.2980993544568,-71.3768092268771,-71.2554488078395,6.49988876671913,6.03212525582147,6.90658968369839,7,169.272106481481,Non-breeding period,,2920-25338,NA,Setophaga,2019-07-11,5:50,2020-05-27,NA,2019-07-11,,,ASY,Adult,72,10.9,Male,striata,harness,47.38355,-71.08777,NA,NA,,,,Quebec,Breeding,,,Lotek,?,ML-6740,,,Unpublished,No,120,NA,59.49442113,Both,Yes,Yes,92.5417576,93.25,0.1,1000,20,3,1,0.92,250,14,FALSE,,Eastern,TRUE,FALSE,-71.08716,47.38339,2019-09-25,2020-05-03,2020,2020-03-19,No,2019-07-17,2019-09-29,NA,NA,0,NA,NA,,,,,NA,2019-10-05,2019-10-07,2019-10-11,2019-10-12,good ,Eastern Region,Nonbreeding,13422.9401706744,97344.9348280902,2019-08-13 00:22:00,2020-05-26 00:20:00,1,0,2019-10-12 04:00:00,1,9,NA
204,V8296_021,2019-10-09 10:31:51,2020-03-14 10:44:47,-71.6289440464763,-71.8307332288163,-71.3951339046811,8.98390864051115,8.67414064742962,9.18505863363462,6,157.008981481481,Non-breeding period,,2920-25328,NA,Setophaga,2019-07-09,6:45,?,NA,2019-07-09,,,ASY,Adult,72,11.8,Male,striata,harness,47.39119,-71.08271,NA,NA,,,,Quebec,Breeding,,,Lotek,?,ML-6740,,,Unpublished,No,120,NA,56.20041416,South,Yes,Yes,92.34959994,94,0.11,1000,20,3,2,0.92,250,14,FALSE,,Eastern,TRUE,FALSE,-71.08716,47.38339,2019-10-09,NA,2020,2020-03-19,No,2019-07-16,2019-08-31,NA,NA,0,NA,NA,,,,,NA,2019-09-29,2019-10-02,2019-10-07,2019-10-08,poor ,Eastern Region,Nonbreeding,47895.8197294354,56875.1300614648,2019-07-10 01:03:41,NA,1,0,2019-10-09 10:31:51,1,9,NA
208,V8296_025,2019-10-17 04:00:00,2019-11-29 10:29:03,-72.0085401755422,-72.3653256022712,-71.6946882953847,3.76271686787471,2.17185541030339,5.22547113619964,4,43.2701736111111,Non-breeding period,,2920-25302,NA,Setophaga,2019-06-17,5:45,?,NA,2019-06-17,,,SY,Adult,72,12.3,Male,striata,harness,47.37864,-71.09769,NA,NA,,,,Quebec,Breeding,,,Lotek,?,ML-6740,,,Unpublished,No,120,NA,-52.78726481,South,Yes,Yes,93.27554082,93.5,0.065,1000,20,3,2,0.55,250,14,FALSE,,Eastern,TRUE,FALSE,-71.08716,47.38339,2019-10-17,NA,2020,2020-03-19,No,2019-06-20,2019-08-10,NA,NA,0,NA,NA,,,,,NA,2019-10-03,2019-10-06,2019-10-16,2019-10-17,good ,Eastern Region,Nonbreeding,74494.074035431,339926.947685103,2019-06-19 01:07:52,NA,1,0,2019-10-17 04:00:00,1,13,NA
214,V8296_026,2019-10-02 10:21:22,2020-04-18 10:41:07,-72.7397208191994,-72.7534808810989,-72.7340353716982,2.53122201843808,2.41021214454277,2.59100567444742,9,199.013715277778,Non-breeding period,,2920-25334,NA,Setophaga,2019-07-10,7:20,?,NA,2019-07-10,,,ASY,Adult,75,13.4,Male,striata,harness,47.381100000000004,-71.08306,NA,NA,,,,Quebec,Breeding,,,Lotek,?,ML-6740,,,Unpublished,No,120,NA,55.38074997,Both,Yes,Yes,91.87504221,93,0.12,1000,20,3,1,0.9,250,14,FALSE,,Eastern,FALSE,FALSE,-71.08716,47.38339,2019-10-02,2020-05-07,2020,2020-03-19,No,2019-07-20,2019-09-15,NA,NA,0,NA,2020-05-26,,,,,NA,,,,,,Eastern Region,Nonbreeding,2162.5521501969,20125.8436877043,2019-07-11 00:58:33,2020-05-26 00:45:07,1,0,2019-10-02 10:21:22,1,13,NA
222,V8757_010,2019-11-03 22:00:32,2019-11-10 09:36:24,-61.6028148812647,-63.0639764204615,-60.0844386686375,6.2085044827122,1.57027117828916,9.60392909780721,9,6.48324074074074,Post-breeding migration,,2920-25502,NA,Setophaga,2019-06-16,15:30:00,,NA,2019-07-16,,,SY,Adult,77,12.3,Male,striata,,58.16343635,-129.8574554,NA,NA,,,,"British Columbia, Highway 37",Breeding,,,Lotek,,ML-6740,,,Unpublished,Yes ,120,NA,4.301423501,Both,Yes,Yes,93.95811619,94,0.18,1000,20,3,2,0.76,150,14,FALSE,No,Western,FALSE,FALSE,-129.8574554,58.16343635,2019-11-11,2020-04-21,2020,2020-03-19,No,2019-06-25,2019-08-15,NA,NA,1,2019-08-30,2020-05-28,,,,,NA,,,,,,Western Region,Stopover,329734.858112995,894302.708808099,2019-08-30 13:13:14,2020-05-28 06:15:54,NA,0,2019-11-11 21:42:39,1,10,NA
223,V8757_010,2019-11-11 21:42:39,2019-12-24 09:28:24,-54.7493952033339,-55.2653973200497,-54.2440685325731,4.72440308437835,4.44315187530102,5.45453975544172,10,42.4901041666667,Non-breeding period,,2920-25502,NA,Setophaga,2019-06-16,15:30:00,,NA,2019-07-16,,,SY,Adult,77,12.3,Male,striata,,58.16343635,-129.8574554,NA,NA,,,,"British Columbia, Highway 37",Breeding,,,Lotek,,ML-6740,,,Unpublished,Yes ,120,NA,4.301423501,Both,Yes,Yes,93.95811619,94,0.18,1000,20,3,2,0.76,150,14,FALSE,No,Western,FALSE,FALSE,-129.8574554,58.16343635,2019-11-11,2020-04-21,2020,2020-03-19,No,2019-06-25,2019-08-15,NA,NA,1,2019-08-30,2020-05-28,,,,,NA,,,,,,Western Region,Nonbreeding,113307.504053745,112587.183811751,2019-08-30 13:13:14,2020-05-28 06:15:54,1,0,2019-11-11 21:42:39,1,10,NA
229,V8757_018,2019-10-06 21:55:57,2020-04-26 10:34:09,-70.3105925316183,-70.5665636150807,-70.1075848378826,11.1701162167602,10.7885069003482,11.3290018582362,7,202.526527777778,Non-breeding period,,2920-25337,NA,Setophaga,2019-07-11,5:40,?,NA,2019-07-11,2020-06-03,,AHY,Adult,74,12.1,Male,striata,harness,47.38517,-71.08742,NA,NA,,,,Quebec,Breeding,,,Lotek,?,ML-6740,,,Unpublished,No,120,NA,56.71374323,Both,Yes,Yes,92.21088445,90.75,0.05,1000,20,3,1,0.92,250,14,FALSE,,Eastern,TRUE,FALSE,-71.08716,47.38339,2019-10-06,2020-04-26,2020,2020-03-19,No,2019-07-15,2019-08-30,2020-06-01,2020-06-15,0,2019-09-14,2020-05-22,,,,,NA,2019-09-26,2019-09-28,2019-10-02,2019-10-03,good,Eastern Region,Nonbreeding,50125.3843650763,60167.6234884228,2019-08-07 09:15:30,2020-05-22 00:40:30,1,0,2019-10-06 21:55:57,1,9,NA
235,V8757_019,2019-10-24 22:10:35.387805,2020-03-08 10:21:16.637805,-63.4961683795964,-63.5284130614955,-63.4791707446595,3.2024103704408,3.12227155427234,3.24531751218774,11,135.507421875,Non-breeding period,,2920-25510,NA,Setophaga,2019-06-21,SY,,NA,2019-07-10,2020-06-20,,ASY,Adult,74,13.2,Male,striata,,58.16343635,-129.8574554,NA,NA,,,,"British Columbia, Highway 37",Breeding,,,Lotek,,ML-6740,,,Unpublished,No,120,NA,3.998503387,Both,Yes,Yes,91.64971545,92.75,0.12,1000,20,3,1,0.86,250,14,FALSE,,Western,FALSE,FALSE,-129.8574554,58.16343635,2019-10-19,2020-04-27,2020,2020-03-19,No,2019-07-15,2019-08-28,NA,NA,0,2019-09-01,2020-06-06,,,,,NA,,,,,,Western Region,Nonbreeding,5473.06960423922,13697.4133793128,2019-09-01 13:16:35.387805,2020-06-08 05:48:05.387805,1,0,2019-10-24 22:10:35.387805,1,11,NA
240,V8757_029,2019-10-16 22:33:26,2019-10-25 10:17:56,-70.4208497330387,-71.8463714138617,-69.0094559124012,3.22634255132137,-2.8219979774678,9.20021110161677,9,8.48923611111111,Post-breeding migration,,2920-25508,NA,Setophaga,2019-06-29,,,NA,2019-06-21,2020-06-09,,SY,Adult,72,12.5,Male,striata,,58.16343635,-129.8574554,NA,NA,,,,"British Columbia, Highway 37",Breeding,,,Lotek,,ML-6740,,,Unpublished,Yes ,120,NA,3.985505043,Both,Yes,Yes,91.66857607,93.25,0.15,1000,20,3,1,0.76,250,14,FALSE,No,Western,FALSE,FALSE,-129.8574554,58.16343635,2019-10-26,2020-04-24,2020,2020-03-19,No,2019-06-28,2019-08-15,2020-06-10,2020-06-15,1,2019-09-01,2020-06-01,,,,,NA,,,,,,Western Region,Stopover,315303.335760457,1338306.19289396,2019-09-01 13:21:49,2020-06-01 06:11:21,NA,0,2019-10-26 22:28:11,1,13,14
241,V8757_029,2019-10-26 22:28:11,2020-01-07 10:23:56,-67.2008868742767,-67.8162556136541,-66.5792146926774,3.23368224069677,1.62207200661512,4.74049935300547,10,72.4970486111111,Non-breeding period,,2920-25508,NA,Setophaga,2019-06-29,,,NA,2019-06-21,2020-06-09,,SY,Adult,72,12.5,Male,striata,,58.16343635,-129.8574554,NA,NA,,,,"British Columbia, Highway 37",Breeding,,,Lotek,,ML-6740,,,Unpublished,Yes ,120,NA,3.985505043,Both,Yes,Yes,91.66857607,93.25,0.15,1000,20,3,1,0.76,250,14,FALSE,No,Western,FALSE,FALSE,-129.8574554,58.16343635,2019-10-26,2020-04-24,2020,2020-03-19,No,2019-06-28,2019-08-15,2020-06-10,2020-06-15,1,2019-09-01,2020-06-01,,,,,NA,,,,,,Western Region,Nonbreeding,137487.496912495,347141.744275994,2019-09-01 13:21:49,2020-06-01 06:11:21,1,0,2019-10-26 22:28:11,1,14,NA
249,V8757_055,2019-11-05 22:01:57,2020-04-02 10:13:57,-61.9346225979408,-62.3535116805926,-61.58467237472,1.65754831817605,0.250956583345117,2.85187507868755,8,147.508333333333,Non-breeding period,,2920-25204,NA,Setophaga,2019-06-27,,?,NA,2019-06-27,,,SY,Adult,75,13,Male,striata,harness,62.432741,-114.420252,NA,NA,,,,Northwest territories ,Breeding,,,Lotek,?,ML-6740,,,Unpublished,Yes ,120,NA,-5.466108711,Both,Yes,Yes,97.62019278,91.75,0.18,1000,20,3,1,0.8,250,14,FALSE,Yes,Central,FALSE,FALSE,-114.420252,62.432741,2012-11-05,2013-05-13,2020,2020-03-19,No,2019-08-03,2019-09-03,NA,NA,3.5,2012-09-12,2013-06-20,,,,,NA,,,,,,Central Region,Nonbreeding,85550.9870775117,289532.922496327,2012-09-12 03:21:57,2013-06-22 05:51:57,1,7,2019-11-05 22:01:57,1,11,NA
254,V8757_078,2019-10-09 10:38:50,2020-02-29 10:37:30,-69.9869426496277,-70.2638800951566,-69.7096637546969,7.58158619384016,6.68182602131249,8.42997122353323,4,142.999074074074,Non-breeding period,,2920-25303,NA,Setophaga,2019-06-17,6:10,?,NA,2019-06-17,2020-06-17,,SY,Adult,69,10.7,Male,striata,harness,47.37864,-71.09769,NA,NA,,,,Quebec,Breeding,,,Lotek,?,ML-6740,,,Unpublished,No,120,NA,56.24816041,Both,Yes,Yes,92.72218901,93,0.11,1000,20,3,2,0.87,250,14,FALSE,,Eastern,TRUE,FALSE,-71.08716,47.38339,2019-10-09,2020-04-28,2020,2020-03-19,No,2019-07-01,2019-09-20,2020-06-05,2020-06-15,0,NA,2020-05-28,,,,,NA,2019-09-30,2019-10-02,2019-10-08,2019-10-09,good ,Eastern Region,Nonbreeding,61155.7378815322,194602.633743917,2019-09-18 23:12:15,2020-05-28 01:00:09,1,0,2019-10-09 10:38:50,1,9,NA
259,V8757_096,2019-11-03 09:45:39.41185,2019-11-14 09:52:38.667651,-61.9675823372262,-62.8803935582493,-60.919771252102,9.01913538744788,6.12365130496539,10.6798902338349,8,11.004852497688,Post-breeding migration,,2740 67825 ,NA,Setophaga,2019-06-25,9:30:00,,NA,2019-07-12,2020-07-08,,SY,Adult,76,12.7,Male,striata,,49.45833,-56.225,NA,NA,,,,Newfoundland ,Breeding,,,Lotek,,ML-6740,,,Unpublished,Yes ,120,NA,-3.920918413,Both,Yes,Yes,97.68084082,92.25,0.2,1000,20,3,1,0.9,250,14,FALSE,No,Eastern,FALSE,TRUE,-56.225,49.45833,2012-11-19,2013-05-23,2020,2020-03-19,No,2019-07-20,2019-09-20,2013-06-20,2013-07-07,0,2012-08-30,2013-06-17,,,,,NA,,,,,,Eastern Region,Stopover,215556.716338253,507198.197494241,2012-10-03 22:06:52.932191,2013-06-16 00:09:41.435524,NA,7,2019-11-19 10:14:45.37222,1,10,14
260,V8757_096,2019-11-19 10:14:45.37222,2020-02-01 10:35:27.089174,-68.4169092544481,-68.7381514711142,-68.0611921444182,4.58889705999493,3.40035502821343,5.38038618294211,10,74.0143717240128,Non-breeding period,,2740 67825 ,NA,Setophaga,2019-06-25,9:30:00,,NA,2019-07-12,2020-07-08,,SY,Adult,76,12.7,Male,striata,,49.45833,-56.225,NA,NA,,,,Newfoundland ,Breeding,,,Lotek,,ML-6740,,,Unpublished,Yes ,120,NA,-3.920918413,Both,Yes,Yes,97.68084082,92.25,0.2,1000,20,3,1,0.9,250,14,FALSE,No,Eastern,FALSE,TRUE,-56.225,49.45833,2012-11-19,2013-05-23,2020,2020-03-19,No,2019-07-20,2019-09-20,2013-06-20,2013-07-07,0,2012-08-30,2013-06-17,,,,,NA,,,,,,Eastern Region,Nonbreeding,75117.1947427297,220416.059899214,2012-10-03 22:06:52.932191,2013-06-16 00:09:41.435524,1,7,2019-11-19 10:14:45.37222,1,14,NA
265,V8757_134,2019-10-21 22:36:36,2020-04-03 10:34:36,-67.2831699453294,-67.5019770910009,-67.0995104450247,-1.58106596586581,-2.5677367450248,-0.861205091254897,9,163.498611111111,Non-breeding period,,2740 67829 ,NA,Setophaga,2019-06-26,8:10:00,,NA,2019-07-12,2020-07-12,,AHY,Adult,74,12.8,Male,striata,,49.45833,-56.225,NA,NA,,,,Newfoundland ,Breeding,,,Lotek,,ML-6740,,,Unpublished,No,120,NA,-4.443608006,Both,Yes,Yes,97.13703665,91.5,0.16,1000,20,3,1,0.86,250,14,FALSE,,Eastern,FALSE,TRUE,-56.225,49.45833,2012-10-21,2013-05-13,2020,2020-03-19,No,2019-07-20,2019-09-20,2013-06-20,2013-07-02,0,2012-09-29,2013-06-15,,,,,NA,,,,,,Eastern Region,Nonbreeding,44785.3251933902,189970.234720269,2012-09-29 22:08:36,2013-06-14 23:26:36,1,7,2019-10-21 22:36:36,1,11,NA
270,blpw09,2016-10-23 22:18:45,2016-10-28 09:58:51,-65.9821728253202,-67.6399856071538,-64.2469680744757,4.7660160908427,-1.42337303298852,9.72964710129449,6,4.48618055555556,Post-breeding migration,3254-043,2740-82809,NA,Setophaga,2016-06-17,,2017-06-12,NA,2016-06-17,2017-06-12,,AHY,Adult,76,13.28,Male,striata,harness,60.065032,-132.312099,NA,NA,,,,"Whitehorse, Yukon",Breeding,,,Biotrack,?,MK-6,,,Deluca et al. 2019,No,120,NA,NA,Both,Yes,No,92.15364648,92.75,0.14,1000,20,3,1,0.85,250,14,FALSE,No,Western,FALSE,FALSE,-132.311396,60.066092,2016-10-29,2017-04-25,2017,2017-03-20,No,2016-07-01,2016-08-20,2017-06-05,2017-06-12,2,2016-09-04,2017-05-21,,,2016-11-03,2017-04-13,NA,,,,,,Western Region,Stopover,376402.605814246,1241548.52215551,2016-09-03 13:40:30,2017-05-21 10:41:00,NA,0,2016-10-29 22:13:30,1,14,11
271,blpw09,2016-10-29 22:13:30,2017-04-25 22:38:03,-62.0029884272656,-62.2202221208414,-61.7725741872728,2.84367006995402,1.98075777603218,3.7249119682734,7,178.017048611111,Non-breeding period,3254-043,2740-82809,NA,Setophaga,2016-06-17,,2017-06-12,NA,2016-06-17,2017-06-12,,AHY,Adult,76,13.28,Male,striata,harness,60.065032,-132.312099,NA,NA,,,,"Whitehorse, Yukon",Breeding,,,Biotrack,?,MK-6,,,Deluca et al. 2019,No,120,NA,NA,Both,Yes,No,92.15364648,92.75,0.14,1000,20,3,1,0.85,250,14,FALSE,No,Western,FALSE,FALSE,-132.311396,60.066092,2016-10-29,2017-04-25,2017,2017-03-20,No,2016-07-01,2016-08-20,2017-06-05,2017-06-12,2,2016-09-04,2017-05-21,,,2016-11-03,2017-04-13,NA,,,,,,Western Region,Nonbreeding,49770.5773841807,194158.356545246,2016-09-03 13:40:30,2017-05-21 10:41:00,1,0,2016-10-29 22:13:30,1,11,NA
277,blpw12,2016-10-09 22:47:09,2016-10-18 22:34:39,-70.5689131908402,-71.7361123673389,-69.6788742532723,9.75555779768997,5.32105293064348,12.0009284769489,8,8.99131944444444,Post-breeding migration,,2740-82812,NA,Setophaga,2016-07-17,,2017-06-11,NA,2016-07-17,2017-06-11,,SY,Adult,75,12.94,Male,striata,harness,60.064575,-132.306115,NA,NA,,,,"Whitehorse, Yukon",Breeding,,,Biotrack,?,MK-6,,,Deluca et al. 2019,No,120,NA,NA,Both,Yes,No,91.49626128,93,0.105,1000,20,3,1,0.9,250,14,FALSE,No,Western,FALSE,FALSE,-132.311396,60.066092,2016-10-20,2017-04-18,2017,2017-03-20,No,2016-07-01,2016-08-20,NA,NA,2,2016-08-24,2017-05-25,,,,,NA,,,,,,Western Region,Stopover,225698.771071418,743600.344377165,2016-08-24 04:03:46,2017-05-25 10:57:09,NA,0,2016-10-20 10:02:54,1,9,10
278,blpw12,2016-10-20 10:02:54,2017-04-18 09:56:21,-64.2417722495439,-64.3722491925339,-64.1012758894716,4.92045420012008,4.15174836498643,5.63250069436032,9,179.995451388889,Non-breeding period,,2740-82812,NA,Setophaga,2016-07-17,,2017-06-11,NA,2016-07-17,2017-06-11,,SY,Adult,75,12.94,Male,striata,harness,60.064575,-132.306115,NA,NA,,,,"Whitehorse, Yukon",Breeding,,,Biotrack,?,MK-6,,,Deluca et al. 2019,No,120,NA,NA,Both,Yes,No,91.49626128,93,0.105,1000,20,3,1,0.9,250,14,FALSE,No,Western,FALSE,FALSE,-132.311396,60.066092,2016-10-20,2017-04-18,2017,2017-03-20,No,2016-07-01,2016-08-20,NA,NA,2,2016-08-24,2017-05-25,,,,,NA,,,,,,Western Region,Nonbreeding,30053.4454616621,164836.595296856,2016-08-24 04:03:46,2017-05-25 10:57:09,1,0,2016-10-20 10:02:54,1,10,NA
284,blpw14,2016-10-23 22:03:53,2016-11-01 09:56:26,-65.5883105601031,-66.5560290811026,-64.5265763967113,1.65607063032621,0.695507756731248,4.23820469308457,9,8.49482638888889,Post-breeding migration,3254-024,2740-82815,NA,Setophaga,2016-06-18,,2017-06-11,NA,2016-06-18,2017-06-11,,SY,Adult,76,13.18,Male,striata,harness,60.066092,-132.306727,NA,NA,,,,"Whitehorse, Yukon",Breeding,,,Biotrack,?,MK-6,,,Deluca et al. 2019,Yes ,120,NA,NA,Both,Yes,No,91.44965505,93.75,0.13,1000,20,3,1,0.86,150,14,FALSE,No,Western,FALSE,FALSE,-132.311396,60.066092,2016-11-02,2017-04-20,2017,2017-03-20,No,2016-07-01,2016-08-20,2017-06-01,2017-06-10,2.5,2016-09-02,2017-05-22,,,,,NA,,,,,,Western Region,Stopover,225823.26642069,394371.218989742,2016-09-03 13:49:36,2017-05-22 11:19:05,NA,0,2016-11-02 22:11:27,1,14,10
285,blpw14,2016-11-02 22:11:27,2016-12-18 09:50:12,-61.8365302125737,-62.6836472059014,-60.9661834089961,4.93551950342586,2.81183467010691,6.95693860620626,10,45.4852430555556,Non-breeding period,3254-024,2740-82815,NA,Setophaga,2016-06-18,,2017-06-11,NA,2016-06-18,2017-06-11,,SY,Adult,76,13.18,Male,striata,harness,60.066092,-132.306727,NA,NA,,,,"Whitehorse, Yukon",Breeding,,,Biotrack,?,MK-6,,,Deluca et al. 2019,Yes ,120,NA,NA,Both,Yes,No,91.44965505,93.75,0.13,1000,20,3,1,0.86,150,14,FALSE,No,Western,FALSE,FALSE,-132.311396,60.066092,2016-11-02,2017-04-20,2017,2017-03-20,No,2016-07-01,2016-08-20,2017-06-01,2017-06-10,2.5,2016-09-02,2017-05-22,,,,,NA,,,,,,Western Region,Nonbreeding,190478.249483702,461430.859451774,2016-09-03 13:49:36,2017-05-22 11:19:05,1,0,2016-11-02 22:11:27,1,10,NA
292,blpw15,2016-10-23 10:48:27,2016-11-01 22:27:48,-72.043360986621,-73.4638078014421,-70.4317634059882,6.81270834400783,1.14715268630984,11.4211589797481,8,9.48565972222222,Post-breeding migration,3254-029,2740-82814,NA,Setophaga,2016-06-17,,2017-02-20,NA,2016-06-17,2017-02-20,,SY,Adult,75,12.72,Male,striata,harness,60.066805,-132.311396,NA,NA,,,,"Whitehorse, Yukon",Breeding,,,Biotrack,?,MK-6,,,Deluca et al. 2019,No,120,NA,NA,South,Yes,No,92.34460739,94,0.14,1000,20,3,1,0.86,250,14,FALSE,No,Western,FALSE,FALSE,-132.311396,60.066092,2016-11-03,NA,2017,2017-03-20,No,2016-06-20,2016-09-01,NA,NA,1,2016-09-05,NA,,,,,NA,,,,,,Western Region,Stopover,335141.893918369,1143697.14899244,2016-08-28 13:08:16,NA,NA,0,2016-11-03 09:54:11,1,9,10
293,blpw15,2016-11-03 09:54:11,2017-02-21 10:06:02,-59.9308807817659,-60.4077267117109,-59.5298184061779,5.40206151203881,3.94482911230458,6.75892357148141,9,110.008229166667,Non-breeding period,3254-029,2740-82814,NA,Setophaga,2016-06-17,,2017-02-20,NA,2016-06-17,2017-02-20,,SY,Adult,75,12.72,Male,striata,harness,60.066805,-132.311396,NA,NA,,,,"Whitehorse, Yukon",Breeding,,,Biotrack,?,MK-6,,,Deluca et al. 2019,No,120,NA,NA,South,Yes,No,92.34460739,94,0.14,1000,20,3,1,0.86,250,14,FALSE,No,Western,FALSE,FALSE,-132.311396,60.066092,2016-11-03,NA,2017,2017-03-20,No,2016-06-20,2016-09-01,NA,NA,1,2016-09-05,NA,,,,,NA,,,,,,Western Region,Nonbreeding,97294.2444458053,313263.562239737,2016-08-28 13:08:16,NA,1,0,2016-11-03 09:54:11,1,10,NA
300,blpw25,2016-10-22 10:44:58,2016-10-31 10:21:00,-70.1528272553189,-71.8489167561195,-68.5090939711051,2.98869939149499,-3.26121347923736,8.78173592055757,6,8.98335648148148,Post-breeding migration,3254-034,2740-82825,NA,Setophaga,2016-06-19,10:40:00,2017-06-12,NA,2016-06-19,2017-06-12,,AHY,Adult,75,11.84,Male,striata,harness,60.557287,-133.124878,NA,NA,,,,"Whitehorse, Yukon",Breeding,,,Biotrack,?,MK-6,,,Deluca et al. 2019,No,120,NA,NA,Both,Yes,No,91.95202075,91,0.08,1000,20,3,2,0.87,100,14,FALSE,No,Western,FALSE,FALSE,-132.311396,60.066092,2016-11-01,2017-04-24,2017,2017-03-20,No,2016-07-01,2016-08-20,2017-06-01,2017-06-10,1,2016-08-23,2017-05-26,,,,,NA,,,,,,Western Region,Stopover,371281.537656505,1340614.99483433,2016-08-22 12:58:17,2017-06-01 06:27:10,NA,0,2016-11-01 22:27:10,1,13,11
301,blpw25,2016-11-01 22:27:10,2017-04-24 22:41:03,-64.739085467315,-65.109713847097,-64.4152152639389,1.10009504673766,-0.204050874038539,2.32113471830862,7,174.009641203704,Non-breeding period,3254-034,2740-82825,NA,Setophaga,2016-06-19,10:40:00,2017-06-12,NA,2016-06-19,2017-06-12,,AHY,Adult,75,11.84,Male,striata,harness,60.557287,-133.124878,NA,NA,,,,"Whitehorse, Yukon",Breeding,,,Biotrack,?,MK-6,,,Deluca et al. 2019,No,120,NA,NA,Both,Yes,No,91.95202075,91,0.08,1000,20,3,2,0.87,100,14,FALSE,No,Western,FALSE,FALSE,-132.311396,60.066092,2016-11-01,2017-04-24,2017,2017-03-20,No,2016-07-01,2016-08-20,2017-06-01,2017-06-10,1,2016-08-23,2017-05-26,,,,,NA,,,,,,Western Region,Nonbreeding,77296.9784749068,281102.374298597,2016-08-22 12:58:17,2017-06-01 06:27:10,1,0,2016-11-01 22:27:10,1,11,NA
