"","geo_id","cluster","next.cluster","StartTime","Lon.50.","Lon.2.5.","Lon.97.5.","Lat.50.","Lat.2.5.","Lat.97.5.","EndTime","sitenum","duration","period","study.site","Range_region","NB_count","site_type","ab.unit","br.region.prop.total.population","br.polygon"
"1","3254_001",21,1,2016-07-28 07:45:23,-163.71321,-163.71321,-163.71321,64.82774,64.820971,64.820971,2016-08-18 13:37:31,1,21.244537037037,"Breeding","Nome, Alaska","Western",NA,"Breeding",0.00694664771905002,0.0764131249095502,"Northwestern Region"
"2","3254_001",1,2,2016-08-26 13:25:34,-142.403100681616,-149.003470478266,-135.992862382705,62.3135814824294,60.7451785527947,64.8628810763857,2016-09-02 13:34:07,2,7.0059375,"Post-breeding migration","Nome, Alaska","Western",NA,"Stopover",0.00694664771905002,0.0764131249095502,"Northwestern Region"
"3","3254_001",2,3,2016-09-13 11:37:01,-97.2137331079985,-106.336735621281,-87.1586213417497,56.6028253019537,48.4537540721425,64.3361958269,2016-09-16 11:47:42,3,3.00741898148148,"Post-breeding migration","Nome, Alaska","Western",NA,"Stopover",0.00694664771905002,0.0764131249095502,"Northwestern Region"
"4","3254_001",3,9,2016-09-21 23:42:32,-77.9513404158982,-79.6597100394703,-75.9039466695832,37.9649250273826,34.0307109496606,46.5835769334136,2016-10-13 10:59:17.714286,4,21.4699735449779,"Post-breeding migration","Nome, Alaska","Western",NA,"Stopover",0.00694664771905002,0.0764131249095502,"Northwestern Region"
"5","3254_001",9,10,2016-10-14 22:27:52,-68.8390041387204,-71.0824241383488,-65.0834834136978,9.37205518204985,3.48466485367233,11.3763274364441,2016-10-22 10:09:40,5,7.48736111111111,"Post-breeding migration","Nome, Alaska","Western",NA,"Stopover",0.00694664771905002,0.0764131249095502,"Northwestern Region"
"6","3254_001",10,21,2016-10-28 21:58:42,-57.1117640024516,-57.8599621603981,-56.4159946821311,5.79558844880605,4.94146999575225,6.40599229764947,2017-04-11 09:46:58,7,164.491851851852,"Non-breeding period","Nome, Alaska","Western",1,"Nonbreeding",0.00694664771905002,0.0764131249095502,"Northwestern Region"
"7","3254_003",21,1,2016-07-10 08:19:34,-163.71321,-163.71794,-163.71794,64.82774,64.82774,64.82774,2016-07-11 09:51:34,1,1.06388888888889,"Breeding","Nome, Alaska","Western",NA,"Breeding",0.00694664771905002,0.0764131249095502,"Northwestern Region"
"8","3254_003",1,4,2016-08-18 13:03:30,-145.91913306008,-147.309505885227,-144.338703285552,67.0248844717097,66.5824055848034,67.4046290388738,2016-08-20 13:32:30,3,2.02013888888889,"Post-breeding migration","Nome, Alaska","Western",NA,"Stopover",0.00694664771905002,0.0764131249095502,"Northwestern Region"
"9","3254_003",4,5,2016-08-29 03:06:30,-120.420828911542,-123.788996300094,-117.168602689208,55.0450907044823,53.0804125001557,59.4538077617552,2016-08-31 13:07:00,4,2.41701388888889,"Post-breeding migration","Nome, Alaska","Western",NA,"Stopover",0.00694664771905002,0.0764131249095502,"Northwestern Region"
"10","3254_003",5,3,2016-09-13 10:45:00,-73.6554524867036,-74.1992065340781,-72.9883409481903,54.7282001239658,51.9569665446657,56.5110902607497,2016-09-21 10:27:00,6,7.9875,"Post-breeding migration","Nome, Alaska","Western",NA,"Stopover",0.00694664771905002,0.0764131249095502,"Northwestern Region"
"11","3254_003",3,11,2016-10-03 11:07:30,-79.3762778321371,-79.3784282733959,-79.3743396965153,33.0355729539439,33.0310933799943,33.0532999945287,2016-10-21 22:21:40,9,18.4681712962963,"Post-breeding migration","Nome, Alaska","Western",NA,"Stopover",0.00694664771905002,0.0764131249095502,"Northwestern Region"
"12","3254_003",11,21,2016-10-23 22:12:30,-63.330617446186,-63.4705897460035,-63.1932705590593,-0.370889523511383,-0.989195681535922,-0.0718786506383029,2016-12-20 10:00:25,10,57.4916087962963,"Non-breeding period","Nome, Alaska","Western",1,"Nonbreeding",0.00694664771905002,0.0764131249095502,"Northwestern Region"
"13","3254_008",21,1,2016-07-10 09:10:44,-163.71321,-163.7117,-163.7117,64.82774,64.83017,64.83017,2016-07-11 09:41:14,1,1.02118055555556,"Breeding","Nome, Alaska","Western",NA,"Breeding",0.00694664771905002,0.0764131249095502,"Northwestern Region"
"14","3254_008",1,3,2016-08-28 13:36:45,-144.968389937944,-147.079669979772,-142.980795670047,65.9080783974429,64.9243036238106,67.1819841129543,2016-08-31 05:19:00,3,2.65434027777778,"Post-breeding migration","Nome, Alaska","Western",NA,"Stopover",0.00694664771905002,0.0764131249095502,"Northwestern Region"
"15","3254_008",3,9,2016-09-26 10:53:09,-78.1368972871178,-78.60316956131,-77.7163126346683,35.4241213389626,33.9967726312003,38.984925410911,2016-10-08 11:17:18,6,12.0167708333333,"Post-breeding migration","Nome, Alaska","Western",NA,"Stopover",0.00694664771905002,0.0764131249095502,"Northwestern Region"
"16","3254_008",9,10,2016-10-11 22:37:44,-70.6912926560966,-71.7889566685079,-69.7001263106131,7.9200279436092,1.53771224596017,11.030289783453,2016-10-18 10:13:01,7,6.48283564814815,"Post-breeding migration","Nome, Alaska","Western",NA,"Stopover",0.00694664771905002,0.0764131249095502,"Northwestern Region"
"17","3254_008",10,21,2016-10-26 22:02:03,-58.2900667895891,-58.3865145791543,-58.1865107810121,1.23736395703649,0.763233266163338,1.72459469696718,2017-04-04 09:47:43,9,159.490046296296,"Non-breeding period","Nome, Alaska","Western",1,"Nonbreeding",0.00694664771905002,0.0764131249095502,"Northwestern Region"
"18","3254_011",21,5,2016-07-10 09:52:34,-163.71321,-163.69373,-163.69373,64.82774,64.86398,64.86398,2016-07-11 08:56:00,1,0.960717592592593,"Breeding","Nome, Alaska","Western",NA,"Breeding",0.00694664771905002,0.0764131249095502,"Northwestern Region"
"19","3254_011",5,12,2016-09-15 10:17:20,-74.7015549355546,-75.9558273472459,-73.7209048572076,51.7548231347127,47.4381847040172,55.9121967167922,2016-09-23 23:06:30,6,8.53414351851852,"Post-breeding migration","Nome, Alaska","Western",NA,"Stopover",0.00694664771905002,0.0764131249095502,"Northwestern Region"
"20","3254_011",12,13,2016-09-25 10:37:02,-75.3733712362922,-75.4273993524418,-75.3324181690203,24.199120512,24.1526669312839,24.2471638674261,2016-10-09 22:34:40,7,14.4983564814815,"Post-breeding migration","Nome, Alaska","Western",NA,"Stopover",0.00694664771905002,0.0764131249095502,"Northwestern Region"
"21","3254_011",13,11,2016-10-11 10:14:30,-69.17545790453,-70.3621015195872,-68.0857266523468,3.21388688748385,-4.21364930126392,8.75249766132827,2016-10-16 10:16:30,8,5.00138888888889,"Post-breeding migration","Nome, Alaska","Western",NA,"Stopover",0.00694664771905002,0.0764131249095502,"Northwestern Region"
"22","3254_011",11,21,2016-10-17 22:16:47,-63.4570942210026,-64.0082502772324,-62.9137188829667,-2.30071097500493,-4.11133705857558,-0.866889638709179,2017-01-12 10:09:36,9,86.4950115740741,"Non-breeding period","Nome, Alaska","Western",1,"Nonbreeding",0.00694664771905002,0.0764131249095502,"Northwestern Region"
"23","3254_057",21,2,2016-07-12 10:37:12,-163.71321,-165.28943,-165.28943,64.82774,64.6375,64.6375,2016-07-13 10:11:12,1,0.981944444444444,"Breeding","Nome, Alaska","Western",NA,"Breeding",0.00694664771905002,0.0764131249095502,"Northwestern Region"
"24","3254_057",2,6,2016-09-09 11:49:57,-98.3543518883642,-99.5648121307528,-97.4347105992686,62.7844263511904,61.7271032305877,63.720306312553,2016-09-12 00:52:57,3,2.54375,"Post-breeding migration","Nome, Alaska","Western",NA,"Stopover",0.00694664771905002,0.0764131249095502,"Northwestern Region"
"25","3254_057",6,3,2016-09-14 00:28:58,-85.9735836146054,-85.980239128284,-85.9559353485774,55.6639812996757,55.6445399814038,55.6684144383,2016-09-16 10:59:58,4,2.43819444444444,"Post-breeding migration","Nome, Alaska","Western",NA,"Stopover",0.00694664771905002,0.0764131249095502,"Northwestern Region"
"26","3254_057",3,9,2016-09-17 23:58:09,-77.0217836674076,-77.0244934555988,-77.014676141689,35.3010377697863,35.1918100099869,35.393163829403,2016-10-08 11:09:34,5,20.4662615740741,"Post-breeding migration","Nome, Alaska","Western",NA,"Stopover",0.00694664771905002,0.0764131249095502,"Northwestern Region"
"27","3254_057",9,11,2016-10-09 22:54:23.411765,-70.9161829783109,-71.6313613505848,-70.2753013344639,6.91692645937318,0.911966132901636,10.5813161820574,2016-10-16 10:13:01.714286,6,6.4712766495485,"Post-breeding migration","Nome, Alaska","Western",NA,"Stopover",0.00694664771905002,0.0764131249095502,"Northwestern Region"
"28","3254_057",11,21,2016-10-17 22:21:06,-63.3763090901499,-63.4625413695259,-63.3352068016945,2.55997923131121,2.16632365682549,2.74087878030612,2017-04-16 22:37:52,7,181.011643518518,"Non-breeding period","Nome, Alaska","Western",1,"Nonbreeding",0.00694664771905002,0.0764131249095502,"Northwestern Region"
"29","4068_014",18,1,2016-07-05 03:50:30,-149.416795,-149.42917,-149.42917,63.722625,63.72073,63.72073,2016-07-06 08:37:00,1,1.19895833333333,"Breeding","Denali, Alaska","Western",NA,"Breeding",0.00694664771905002,0.0764131249095502,"Northwestern Region"
"30","4068_014",1,4,2016-08-19 14:26:11,-141.883019626421,-144.983644294518,-139.367394722618,63.7277472599509,62.5559802075504,65.4350577609446,2016-08-23 13:56:53,3,3.97965277777778,"Post-breeding migration","Denali, Alaska","Western",NA,"Stopover",0.00694664771905002,0.0764131249095502,"Northwestern Region"
"31","4068_014",4,2,2016-08-25 12:43:39,-125.223534206654,-130.177405326799,-120.53212002758,60.803048787541,57.4093273182257,64.3110649274986,2016-08-27 13:00:54,4,2.01197916666667,"Post-breeding migration","Denali, Alaska","Western",NA,"Stopover",0.00694664771905002,0.0764131249095502,"Northwestern Region"
"32","4068_014",2,6,2016-09-04 11:15:10,-93.7710957482802,-97.0391475852929,-90.9291641103,56.2787061939677,52.1774223136809,60.9884550630774,2016-09-07 11:17:11,5,3.00140046296296,"Post-breeding migration","Denali, Alaska","Western",NA,"Stopover",0.00694664771905002,0.0764131249095502,"Northwestern Region"
"33","4068_014",6,3,2016-09-09 11:01:41,-81.6289676219113,-81.6317850810722,-81.6162219389411,44.3159531149668,44.2972497370109,44.3206344542228,2016-09-25 23:33:14,6,16.5219097222222,"Post-breeding migration","Denali, Alaska","Western",NA,"Stopover",0.00694664771905002,0.0764131249095502,"Northwestern Region"
"34","4068_014",3,11,2016-09-28 23:22:00,-80.3527314710622,-80.8105429770808,-79.8675542674996,33.5511408201084,32.4517559021184,36.5625994565135,2016-10-09 11:06:39,7,10.4893402777778,"Post-breeding migration","Denali, Alaska","Western",NA,"Stopover",0.00694664771905002,0.0764131249095502,"Northwestern Region"
"35","4068_014",11,18,2016-10-12 10:15:02,-63.0557575972146,-63.2775107238242,-62.8594548614024,1.4167024731709,0.0899301564188908,2.65811445482775,2017-04-19 09:57:36,8,188.987893518519,"Non-breeding period","Denali, Alaska","Western",1,"Nonbreeding",0.00694664771905002,0.0764131249095502,"Northwestern Region"
"36","4105_008",17,3,2016-06-19 03:48:09,-93.8313,-93.8313,-93.8313,58.71955,58.72798,58.72798,2016-09-09 01:06:03,1,81.8874305555556,"Breeding","Churchill, Manitoba","Central",NA,"Breeding",0.0418082173268325,0.33446573861466,"Central Region"
"37","4105_008",3,5,2016-09-13 23:48:05,-78.0481202777024,-79.83670603937,-76.1330491314096,46.2736514416873,40.5032307455467,51.4533261977042,2016-09-18 10:43:54,2,4.45542824074074,"Post-breeding migration","Churchill, Manitoba","Central",NA,"Stopover",0.0418082173268325,0.33446573861466,"Central Region"
"38","4105_008",5,3,2016-09-26 22:54:09,-72.4766878241423,-74.0064324407063,-70.8109014782023,43.8438642101855,41.1107403696697,50.3964776863124,2016-10-07 10:51:55,4,10.4984490740741,"Post-breeding migration","Churchill, Manitoba","Central",NA,"Stopover",0.0418082173268325,0.33446573861466,"Central Region"
"39","4105_008",3,13,2016-10-08 21:54:57,-79.1117944322235,-80.5423168411267,-77.7273808873128,36.9535485823093,33.3247234728396,42.4546528503367,2016-10-21 11:28:46,5,12.565150462963,"Post-breeding migration","Churchill, Manitoba","Central",NA,"Stopover",0.0418082173268325,0.33446573861466,"Central Region"
"40","4105_008",13,17,2016-10-22 22:10:16,-69.2582092439033,-69.4880991183715,-69.0120868638652,0.609095833335093,-0.233378438156772,1.30747509116543,2017-04-24 10:28:11,6,183.51244212963,"Non-breeding period","Churchill, Manitoba","Central",1,"Nonbreeding",0.0418082173268325,0.33446573861466,"Central Region"
"41","4105_009",17,2,2016-06-19 03:40:03.840788,-93.8313,-93.82587,-93.82587,58.71955,58.731288,58.731288,2016-08-26 10:53:38.028723,1,68.3010901381351,"Breeding","Churchill, Manitoba","Central",NA,"Breeding",0.0418082173268325,0.33446573861466,"Central Region"
"42","4105_009",2,3,2016-09-04 11:33:46.162904,-89.2645049199654,-91.6633908654991,-86.5429147826082,50.2811659047732,44.5727360303554,54.9002282464403,2016-09-07 11:30:00.207631,3,2.99738477693388,"Post-breeding migration","Churchill, Manitoba","Central",NA,"Stopover",0.0418082173268325,0.33446573861466,"Central Region"
"43","4105_009",3,12,2016-09-23 23:17:56.95363,-80.1891187738183,-81.5053896136192,-78.811790412971,43.538355473452,34.318910638673,51.2171485817762,2016-09-26 23:13:34.998357,5,2.99696811026721,"Post-breeding migration","Churchill, Manitoba","Central",NA,"Stopover",0.0418082173268325,0.33446573861466,"Central Region"
"44","4105_009",12,13,2016-09-28 11:32:25.520721,-80.8209863075034,-81.2946694413663,-80.4202905280044,26.6296396994136,25.265832790167,31.7539175454913,2016-10-08 11:22:39.336478,6,9.99321546015088,"Post-breeding migration","Churchill, Manitoba","Central",NA,"Stopover",0.0418082173268325,0.33446573861466,"Central Region"
"45","4105_009",13,17,2016-10-13 22:14:05.585144,-67.0205648552082,-67.0782556609514,-66.9466975138665,3.61173657747515,3.36755034609566,3.80326915714361,2017-05-03 22:45:11.263434,7,202.021593498728,"Non-breeding period","Churchill, Manitoba","Central",1,"Nonbreeding",0.0418082173268325,0.33446573861466,"Central Region"
"46","4105_016",17,3,2016-06-24 03:52:04,-93.8313,-93.83599,-93.83599,58.71955,58.71955,58.71955,2016-09-06 11:13:35,1,74.3066087962963,"Breeding","Churchill, Manitoba","Central",NA,"Breeding",0.0418082173268325,0.33446573861466,"Central Region"
"47","4105_016",3,13,2016-09-30 22:55:02,-77.747352055501,-79.2786179512742,-76.3616275287469,40.7613514135355,34.6525672368783,51.1590531511673,2016-10-09 11:06:17,3,8.5078125,"Post-breeding migration","Churchill, Manitoba","Central",NA,"Stopover",0.0418082173268325,0.33446573861466,"Central Region"
"48","4105_016",13,17,2016-10-10 22:40:17,-67.8293584226317,-67.9154226864744,-67.737830859241,2.86680487088104,2.18249362925715,3.46896600092956,2017-03-30 10:19:53,4,170.485833333333,"Non-breeding period","Churchill, Manitoba","Central",1,"Nonbreeding",0.0418082173268325,0.33446573861466,"Central Region"
"49","4105_017",17,3,2016-06-17 04:10:12,-93.8313,-93.84027,-93.84027,58.71955,58.71087,58.71087,2016-08-28 10:42:15,1,72.2722569444444,"Breeding","Churchill, Manitoba","Central",NA,"Breeding",0.0418082173268325,0.33446573861466,"Central Region"
"50","4105_017",3,9,2016-09-15 11:16:15,-78.6176705880667,-78.6280184896186,-78.6113049897469,49.8772505575537,49.8352668149386,49.8998706427245,2016-10-22 11:34:40,3,37.0127893518519,"Post-breeding migration","Churchill, Manitoba","Central",NA,"Stopover",0.0418082173268325,0.33446573861466,"Central Region"
"51","4105_017",9,11,2016-10-23 22:13:55,-71.1822267395767,-71.2653796249457,-71.1419123454473,12.0804486975923,11.9612108036823,12.1437180277806,2016-11-14 10:28:35,4,21.5101851851852,"Post-breeding migration","Churchill, Manitoba","Central",NA,"Stopover",0.0418082173268325,0.33446573861466,"Central Region"
"52","4105_017",11,17,2016-11-15 22:28:51,-64.7250592824544,-64.9773142074082,-64.436947720827,0.874758650372323,-0.0805863502561119,1.68657713948268,2017-04-23 22:35:02,5,159.004293981481,"Non-breeding period","Churchill, Manitoba","Central",1,"Nonbreeding",0.0418082173268325,0.33446573861466,"Central Region"
"53","4210_002",17,2,2016-06-24 03:59:02,-93.8313,-93.8201,-93.8201,58.71955,58.63169,58.63169,2016-08-29 01:28:39,1,65.8955671296296,"Breeding","Churchill, Manitoba","Central",NA,"Breeding",0.0418082173268325,0.33446573861466,"Central Region"
"54","4210_002",2,6,2016-09-07 11:08:40,-90.8132481584872,-93.2982603353785,-88.4905129585597,54.3117524012416,50.3719061723805,57.1029532873613,2016-09-10 00:47:40,3,2.56875,"Post-breeding migration","Churchill, Manitoba","Central",NA,"Stopover",0.0418082173268325,0.33446573861466,"Central Region"
"55","4210_002",6,3,2016-09-11 11:01:41,-83.3974171376846,-86.0758533916356,-81.1108243888906,51.0591267313127,46.4866119477283,54.8225058169869,2016-09-13 23:57:59,4,2.53909722222222,"Post-breeding migration","Churchill, Manitoba","Central",NA,"Stopover",0.0418082173268325,0.33446573861466,"Central Region"
"56","4210_002",3,11,2016-09-30 11:24:30,-78.2876969187461,-79.3537860009266,-77.1138928719702,39.1776354259046,34.1680813731842,49.7103419335189,2016-10-08 11:15:43,6,7.99390046296296,"Post-breeding migration","Churchill, Manitoba","Central",NA,"Stopover",0.0418082173268325,0.33446573861466,"Central Region"
"57","4210_002",11,17,2016-10-15 21:56:44,-63.8714086099496,-64.0206573171198,-63.7214207716136,-1.50662713117351,-2.19677667382058,-0.767178762499532,2017-04-28 22:31:04,7,195.023842592593,"Non-breeding period","Churchill, Manitoba","Central",1,"Nonbreeding",0.0418082173268325,0.33446573861466,"Central Region"
"58","4210_004",17,5,2016-06-18 01:53:56.793837,-93.8313,-93.8277,-93.8277,58.71955,58.73192,58.73192,2016-06-19 04:05:58.38151,1,1.09168504251926,"Breeding","Churchill, Manitoba","Central",NA,"Breeding",0.0418082173268325,0.33446573861466,"Central Region"
"59","4210_004",5,3,2016-09-16 10:22:39.47831,-75.4236416430169,-76.8436823822033,-73.9661253645504,52.1640619941033,46.7393354801362,55.9272862856408,2016-09-22 10:41:38.004353,5,6.01317738475071,"Post-breeding migration","Churchill, Manitoba","Central",NA,"Stopover",0.0418082173268325,0.33446573861466,"Central Region"
"60","4210_004",3,13,2016-09-24 10:55:27.1797,-78.3737266817288,-78.8118420947108,-77.9315280297006,34.9704895594344,33.9006057404448,38.7600991485761,2016-10-09 11:07:54.994806,6,15.0086552674323,"Post-breeding migration","Churchill, Manitoba","Central",NA,"Stopover",0.0418082173268325,0.33446573861466,"Central Region"
"61","4210_004",13,17,2016-10-11 10:22:45.170154,-71.2939815520708,-71.6736907622033,-70.8601346567771,0.299888171845224,-1.34936823684519,1.68590333082553,2016-11-28 22:14:51.17233,7,48.4945139140774,"Non-breeding period","Churchill, Manitoba","Central",1,"Nonbreeding",0.0418082173268325,0.33446573861466,"Central Region"
"62","4210_006",17,5,2016-06-17 03:52:00,-93.8313,-93.85276,-93.85276,58.71955,58.69371,58.69371,2016-09-07 01:04:30,1,81.8836805555556,"Breeding","Churchill, Manitoba","Central",NA,"Breeding",0.0418082173268325,0.33446573861466,"Central Region"
"63","4210_006",5,14,2016-09-11 10:27:45,-73.6518540903296,-74.4148381555893,-72.9285660190076,56.3017501976994,55.3138361678,56.6478932011809,2016-09-21 23:03:30,2,10.5248263888889,"Post-breeding migration","Churchill, Manitoba","Central",NA,"Stopover",0.0418082173268325,0.33446573861466,"Central Region"
"64","4210_006",14,11,2016-09-26 22:46:00,-74.7075081910383,-75.1484688520387,-74.3141043900637,20.2212160618045,20.0023592888024,20.436054911933,2016-10-08 10:48:30,4,11.5017361111111,"Post-breeding migration","Churchill, Manitoba","Central",NA,"Stopover",0.0418082173268325,0.33446573861466,"Central Region"
"65","4210_006",11,17,2016-10-18 09:55:20,-58.9501114671572,-59.2619371149392,-58.657255130423,-0.342667863476091,-1.25638491083978,0.653822078345517,2017-02-09 09:54:30,6,113.999421296296,"Non-breeding period","Churchill, Manitoba","Central",1,"Nonbreeding",0.0418082173268325,0.33446573861466,"Central Region"
"66","A",19,7,2013-06-14 00:47:02.410872,-72.815699,-72.8165699,-72.8165699,44.528354,44.528354,44.528354,2013-08-12 00:18:55.893713,1,58.9804801254857,"Breeding","Mount Mansfield, Vermont, USA","Eastern",NA,"Breeding",0.0287165560342067,0.545614564649928,"Eastern Region"
"67","A",7,9,2013-10-01 22:01:07.802611,-62.3401719761634,-62.7292470711486,-61.9646778611483,45.486095526083,45.2604118312491,45.7550897801702,2013-10-10 09:58:54.787427,7,8.49846047241103,"Post-breeding migration","Mount Mansfield, Vermont, USA","Eastern",NA,"Stopover",0.0287165560342067,0.545614564649928,"Eastern Region"
"68","A",9,19,2013-10-18 04:00:00,-70.4862951438029,-70.6282450923784,-70.3699398630857,10.7347253036274,10.2416761652373,11.106546500572,2014-03-07 10:51:09.405404,9,140.285525525508,"Non-breeding period","Mount Mansfield, Vermont, USA","Eastern",1,"Nonbreeding",0.0287165560342067,0.545614564649928,"Eastern Region"
"69","B",19,14,2013-06-19 00:58:00,-72.815699,-72.815699,-72.815699,44.528354,44.528354,44.528354,2013-08-17 00:05:52,1,58.9637962962963,"Breeding","Mount Mansfield, Vermont, USA","Eastern",NA,"Breeding",0.0287165560342067,0.545614564649928,"Eastern Region"
"70","B",14,9,2013-10-03 04:00:00,-71.7074056091352,-73.1409577865696,-69.1901331732733,18.9,NA,NA,2013-10-23 04:00:00,6,20,"Post-breeding migration","Mount Mansfield, Vermont, USA","Eastern",NA,"Stopover",0.0287165560342067,0.545614564649928,"Eastern Region"
"71","B",9,19,2013-10-24 04:00:00,-71.478850865709,-71.6452360907002,-71.3017056951029,7.11680297178029,6.3696681658883,7.85643997253581,2014-04-19 10:26:30,7,177.268402777778,"Non-breeding period","Mount Mansfield, Vermont, USA","Eastern",1,"Nonbreeding",0.0287165560342067,0.545614564649928,"Eastern Region"
"72","blpw09",25,6,2016-06-17 06:41:15,-132.311396,-132.312099,-132.312099,60.066092,60.065032,60.065032,2016-09-02 13:42:24,1,77.2924652777778,"Breeding","Whitehorse, Yukon","Western",NA,"Breeding",0.00543832147823275,0.043506571825862,"Western Region"
"73","blpw09",6,3,2016-09-21 11:13:45,-83.2229263586773,-83.2359825450271,-83.2199925909376,45.0626871202144,45.0230999382477,45.0729749204278,2016-09-26 23:47:52,4,5.52369212962963,"Post-breeding migration","Whitehorse, Yukon","Western",NA,"Stopover",0.00543832147823275,0.043506571825862,"Western Region"
"74","blpw09",3,13,2016-09-28 10:57:45,-79.7599649395496,-80.0272082128443,-79.5704233069721,33.1072277635857,32.8065098742001,34.1262419835937,2016-10-20 11:17:45,5,22.0138888888889,"Post-breeding migration","Whitehorse, Yukon","Western",NA,"Stopover",0.00543832147823275,0.043506571825862,"Western Region"
"75","blpw09",13,10,2016-10-23 22:18:45,-65.9821728253202,-67.6399856071538,-64.2469680744757,4.7660160908427,-1.42337303298852,9.72964710129449,2016-10-28 09:58:51,6,4.48618055555556,"Post-breeding migration","Whitehorse, Yukon","Western",NA,"Stopover",0.00543832147823275,0.043506571825862,"Western Region"
"76","blpw09",10,25,2016-10-29 22:13:30,-62.0029884272656,-62.2202221208414,-61.7725741872728,2.84367006995402,1.98075777603218,3.7249119682734,2017-04-25 22:38:03,7,178.017048611111,"Non-breeding period","Whitehorse, Yukon","Western",1,"Nonbreeding",0.00543832147823275,0.043506571825862,"Western Region"
"77","blpw12",25,4,2016-06-17 06:39:09,-132.311396,-132.306115,-132.306115,60.066092,60.064575,60.064575,2016-08-06 05:13:39,1,49.940625,"Breeding","Whitehorse, Yukon","Western",NA,"Breeding",0.00543832147823275,0.043506571825862,"Western Region"
"78","blpw12",4,3,2016-08-26 03:25:09,-122.832368714136,-125.392186771766,-120.429341255408,56.7523979763288,54.2967139085511,59.7793977913286,2016-08-28 12:59:09,3,2.39861111111111,"Post-breeding migration","Whitehorse, Yukon","Western",NA,"Stopover",0.00543832147823275,0.043506571825862,"Western Region"
"79","blpw12",3,9,2016-09-26 10:42:29,-75.9072882792906,-75.9162517925935,-75.8863596298425,35.6066711031081,35.5932328182805,35.6648441610088,2016-10-08 10:58:24,7,12.0110532407407,"Post-breeding migration","Whitehorse, Yukon","Western",NA,"Stopover",0.00543832147823275,0.043506571825862,"Western Region"
"80","blpw12",9,10,2016-10-09 22:47:09,-70.5689131908402,-71.7361123673389,-69.6788742532723,9.75555779768997,5.32105293064348,12.0009284769489,2016-10-18 22:34:39,8,8.99131944444444,"Post-breeding migration","Whitehorse, Yukon","Western",NA,"Stopover",0.00543832147823275,0.043506571825862,"Western Region"
"81","blpw12",10,25,2016-10-20 10:02:54,-64.2417722495439,-64.3722491925339,-64.1012758894716,4.92045420012008,4.15174836498643,5.63250069436032,2017-04-18 09:56:21,9,179.995451388889,"Non-breeding period","Whitehorse, Yukon","Western",1,"Nonbreeding",0.00543832147823275,0.043506571825862,"Western Region"
"82","blpw14",25,3,2016-06-18 06:49:10,-132.311396,-132.306727,-132.306727,60.066092,60.066092,60.066092,2016-07-10 11:25:47,1,22.1920949074074,"Breeding","Whitehorse, Yukon","Western",NA,"Breeding",0.00543832147823275,0.043506571825862,"Western Region"
"83","blpw14",3,12,2016-09-25 11:02:14,-77.2521365796153,-77.4486962328322,-77.0712758330167,43.196582099711,42.9559179241484,43.3274186506828,2016-10-05 10:56:17,7,9.99586805555555,"Post-breeding migration","Whitehorse, Yukon","Western",NA,"Stopover",0.00543832147823275,0.043506571825862,"Western Region"
"84","blpw14",12,11,2016-10-06 23:04:33,-77.403679188217,-77.4394272091501,-77.3454768428173,26.6933025190709,26.6465203408494,26.7414642039286,2016-10-20 11:17:52,8,13.5092476851852,"Post-breeding migration","Whitehorse, Yukon","Western",NA,"Stopover",0.00543832147823275,0.043506571825862,"Western Region"
"85","blpw14",11,10,2016-10-23 22:03:53,-65.5883105601031,-66.5560290811026,-64.5265763967113,1.65607063032621,0.695507756731248,4.23820469308457,2016-11-01 09:56:26,9,8.49482638888889,"Post-breeding migration","Whitehorse, Yukon","Western",NA,"Stopover",0.00543832147823275,0.043506571825862,"Western Region"
"86","blpw14",10,25,2016-11-02 22:11:27,-61.8365302125737,-62.6836472059014,-60.9661834089961,4.93551950342586,2.81183467010691,6.95693860620626,2016-12-18 09:50:12,10,45.4852430555556,"Non-breeding period","Whitehorse, Yukon","Western",1,"Nonbreeding",0.00543832147823275,0.043506571825862,"Western Region"
"87","blpw15",25,4,2016-06-18 06:54:51,-132.311396,-132.311396,-132.311396,60.066092,60.066805,60.066805,2016-08-28 13:08:16,1,71.2593171296296,"Breeding","Whitehorse, Yukon","Western",NA,"Breeding",0.00543832147823275,0.043506571825862,"Western Region"
"88","blpw15",4,6,2016-09-08 13:13:21,-123.289824080547,-127.06021430145,-119.742747400318,60.2295916325606,55.651545946337,64.1864691808418,2016-09-11 13:23:21,3,3.00694444444444,"Post-breeding migration","Whitehorse, Yukon","Western",NA,"Stopover",0.00543832147823275,0.043506571825862,"Western Region"
"89","blpw15",6,9,2016-10-10 11:17:21,-81.3783406934645,-83.0411226279176,-79.592191220274,33.7530236862113,25.8638789078709,41.735029699686,2016-10-21 11:34:03,7,11.0115972222222,"Post-breeding migration","Whitehorse, Yukon","Western",NA,"Stopover",0.00543832147823275,0.043506571825862,"Western Region"
"90","blpw15",9,10,2016-10-23 10:48:27,-72.043360986621,-73.4638078014421,-70.4317634059882,6.81270834400783,1.14715268630984,11.4211589797481,2016-11-01 22:27:48,8,9.48565972222222,"Post-breeding migration","Whitehorse, Yukon","Western",NA,"Stopover",0.00543832147823275,0.043506571825862,"Western Region"
"91","blpw15",10,25,2016-11-03 09:54:11,-59.9308807817659,-60.4077267117109,-59.5298184061779,5.40206151203881,3.94482911230458,6.75892357148141,2017-02-21 10:06:02,9,110.008229166667,"Non-breeding period","Whitehorse, Yukon","Western",1,"Nonbreeding",0.00543832147823275,0.043506571825862,"Western Region"
"92","blpw25",25,4,2016-06-20 06:46:05,-132.311396,-133.124878,-133.124878,60.066092,60.557287,60.557287,2016-08-21 04:44:17,1,61.9154166666667,"Breeding","Whitehorse, Yukon","Western",NA,"Breeding",0.00543832147823275,0.043506571825862,"Western Region"
"93","blpw25",4,3,2016-08-29 13:17:30,-124.474800136454,-127.737752214689,-120.930107850009,54.582769949792,52.9285916058428,58.0646376685156,2016-09-02 13:18:49,2,4.00091435185185,"Post-breeding migration","Whitehorse, Yukon","Western",NA,"Stopover",0.00543832147823275,0.043506571825862,"Western Region"
"94","blpw25",3,12,2016-09-22 10:39:30.5,-76.0426011785083,-77.577223585648,-74.5087198184944,47.8931406747887,39.1923627857007,55.3311005193292,2016-10-02 10:50:25,4,10.0075752314815,"Post-breeding migration","Whitehorse, Yukon","Western",NA,"Stopover",0.00543832147823275,0.043506571825862,"Western Region"
"95","blpw25",12,13,2016-10-03 23:01:55,-80.4599659809419,-81.0979511463604,-80.1193997497124,26.3830592790285,25.2600941824732,28.2170320188504,2016-10-20 11:21:44.363636,5,16.5137657828243,"Post-breeding migration","Whitehorse, Yukon","Western",NA,"Stopover",0.00543832147823275,0.043506571825862,"Western Region"
"96","blpw25",13,11,2016-10-22 10:44:58,-70.1528272553189,-71.8489167561195,-68.5090939711051,2.98869939149499,-3.26121347923736,8.78173592055757,2016-10-31 10:21:00,6,8.98335648148148,"Post-breeding migration","Whitehorse, Yukon","Western",NA,"Stopover",0.00543832147823275,0.043506571825862,"Western Region"
"97","blpw25",11,25,2016-11-01 22:27:10,-64.739085467315,-65.109713847097,-64.4152152639389,1.10009504673766,-0.204050874038539,2.32113471830862,2017-04-24 22:41:03,7,174.009641203704,"Non-breeding period","Whitehorse, Yukon","Western",1,"Nonbreeding",0.00543832147823275,0.043506571825862,"Western Region"
"98","C",23,15,2013-06-10 00:26:08,-65.8820445,-65.7499,-65.7499,43.4367935,43.464762,43.464762,2013-08-06 00:11:08,1,56.9895833333333,"Breeding","Nova Scotia, Canada","Eastern",NA,"Breeding",0.0287165560342067,0.545614564649928,"Eastern Region"
"99","C",15,13,2013-09-27 04:00:00,-66.4943789857244,-67.8977664879847,-64.0409212309112,18.36,NA,NA,2013-10-06 04:00:00,4,9,"Post-breeding migration","Nova Scotia, Canada","Eastern",NA,"Stopover",0.0287165560342067,0.545614564649928,"Eastern Region"
"100","C",13,23,2013-10-07 04:00:00,-68.3270337562044,-68.3308289275438,-68.3251006892971,6.2493793240833,6.24797215709167,6.25518443862658,2014-03-02 10:24:45,5,146.2671875,"Non-breeding period","Nova Scotia, Canada","Eastern",1,"Nonbreeding",0.0287165560342067,0.545614564649928,"Eastern Region"
"101","D",23,5,2013-08-25 23:22:45,-65.8820445,-66.014189,-66.014189,43.4367935,43.408825,43.408825,2013-08-29 09:20:27,1,3.41506944444444,"Breeding","Nova Scotia, Canada","Eastern",NA,"Breeding",0.0287165560342067,0.545614564649928,"Eastern Region"
"102","D",5,14,2013-10-12 11:25:27,-73.146962280323,-77.77353589186,-70.7455281653842,42.1759565901436,36.0987900821723,43.537700543335,2013-10-19 20:27:45,8,7.37659722222222,"Post-breeding migration","Nova Scotia, Canada","Eastern",NA,"Stopover",0.0287165560342067,0.545614564649928,"Eastern Region"
"103","D",14,9,2013-11-02 10:30:27,-70.4216680831782,-72.222594678752,-68.6641270710086,18.9224124893874,18.1018901697004,19.7182888135216,2013-11-08 21:58:17,10,6.47766203703704,"Post-breeding migration","Nova Scotia, Canada","Eastern",NA,"Stopover",0.0287165560342067,0.545614564649928,"Eastern Region"
"104","D",9,23,2013-11-10 10:41:35,-72.3339564468041,-72.7186585403637,-71.9858403251966,11.2742091027964,10.1961880194067,11.8005396646278,2014-04-15 10:32:06,11,155.993414351852,"Non-breeding period","Nova Scotia, Canada","Eastern",1,"Nonbreeding",0.0287165560342067,0.545614564649928,"Eastern Region"
"105","E",19,3,2013-06-19 00:56:15.53671,-72.815699,-72.815699,-72.815699,44.528354,44.528359,44.528359,2013-08-28 23:48:01.749469,1,70.9526182032376,"Breeding","Mount Mansfield, Vermont, USA","Eastern",NA,"Breeding",0.0287165560342067,0.545614564649928,"Eastern Region"
"106","E",3,14,2013-10-19 20:56:57.567265,-76.4512704412352,-77.6222387527613,-75.1251598722082,45.6503806640121,44.5007249212208,45.9061463251212,2013-11-01 11:55:31.985005,7,12.6240094645763,"Post-breeding migration","Mount Mansfield, Vermont, USA","Eastern",NA,"Stopover",0.0287165560342067,0.545614564649928,"Eastern Region"
"107","E",14,9,2013-11-04 22:11:46.241972,-72.260323258138,-72.3058700820264,-72.2111103656528,21.7662781486274,21.7175339841304,21.8133317728487,2013-11-08 22:13:43.035648,8,4.00135177866452,"Post-breeding migration","Mount Mansfield, Vermont, USA","Eastern",NA,"Stopover",0.0287165560342067,0.545614564649928,"Eastern Region"
"108","E",9,19,2013-11-10 11:04:24.645777,-72.2671107039228,-72.5130794908078,-72.0528663349878,11.1196470854912,10.423792002709,11.6395758139534,2014-02-26 22:56:14.111755,9,108.494322522895,"Non-breeding period","Mount Mansfield, Vermont, USA","Eastern",1,"Nonbreeding",0.0287165560342067,0.545614564649928,"Eastern Region"
"109","V7638_001",18,8,2018-06-27 09:01:16.389756,-149.416795,-149.4133,-149.4133,63.722625,63.72697,63.72697,2018-06-28 09:02:09.87515,1,1.00061904391481,"Breeding","Denali, Alaska","Western",NA,"Breeding",0.00694664771905002,0.0764131249095502,"Northwestern Region"
"110","V7638_001",8,3,2018-09-08 12:51:47.541032,-110.860113488998,-115.181559013061,-106.909026930725,57.3919887189544,50.7596822871687,63.8774575834761,2018-09-12 01:54:12.412181,4,3.54334341607988,"Post-breeding migration","Denali, Alaska","Western",NA,"Stopover",0.00694664771905002,0.0764131249095502,"Northwestern Region"
"111","V7638_001",3,12,2018-10-02 23:04:03.781934,-80.307839032099,-81.5923962964073,-79.3172738854935,37.0243574044187,28.2631840518399,45.8557024326364,2018-10-05 22:57:12.12047,6,2.9952353997225,"Post-breeding migration","Denali, Alaska","Western",NA,"Stopover",0.00694664771905002,0.0764131249095502,"Northwestern Region"
"112","V7638_001",12,14,2018-10-07 11:13:44.146881,-78.0251649371489,-78.3151131102223,-77.6188762339983,24.5640636578702,23.9400777067538,25.0735209321562,2018-10-14 22:33:18.136078,7,7.47192117126452,"Post-breeding migration","Denali, Alaska","Western",NA,"Stopover",0.00694664771905002,0.0764131249095502,"Northwestern Region"
"113","V7638_001",14,13,2018-10-17 22:34:26.474614,-74.9150538399464,-75.3973465337442,-74.3290403214986,20.2107939080523,19.9620618961741,20.5017912698699,2018-10-20 22:25:16.241721,8,2.99363156373854,"Post-breeding migration","Denali, Alaska","Western",NA,"Stopover",0.00694664771905002,0.0764131249095502,"Northwestern Region"
"114","V7638_001",13,10,2018-10-30 10:33:56.218514,-66.8748387484738,-69.8592597608619,-63.6252370250717,2.4507066113201,-5.33699282554792,9.13653257468258,2018-11-01 22:04:49.167294,10,2.47977949976921,"Post-breeding migration","Denali, Alaska","Western",NA,"Stopover",0.00694664771905002,0.0764131249095502,"Northwestern Region"
"115","V7638_001",10,18,2018-11-03 09:52:49.336562,-62.390724279316,-62.3960221807476,-62.3846138801049,3.4100689555764,3.38208199759095,3.43411873403036,2019-04-27 10:02:24.751165,11,175.006659891238,"Non-breeding period","Denali, Alaska","Western",1,"Nonbreeding",0.00694664771905002,0.0764131249095502,"Northwestern Region"
"116","V7638_005",18,2,2018-06-28 08:24:57,-149.416795,-149.41446,-149.41446,63.722625,63.72635,63.72635,2018-06-29 08:02:56,1,0.984710648148148,"Breeding","Denali, Alaska","Western",NA,"Breeding",0.00694664771905002,0.0764131249095502,"Northwestern Region"
"117","V7638_005",2,3,2018-09-06 11:12:19,-90.3158655174946,-95.4949342300982,-87.459291764843,56.197293895922,53.5883848978125,61.4838868004971,2018-09-10 00:36:48,3,3.55866898148148,"Post-breeding migration","Denali, Alaska","Western",NA,"Stopover",0.00694664771905002,0.0764131249095502,"Northwestern Region"
"118","V7638_005",3,12,2018-09-24 23:05:02,-80.3290297257005,-80.8480264918916,-79.8601177095651,34.8172353182352,32.7158212343463,40.4717352318661,2018-10-07 23:09:00,5,13.0027546296296,"Post-breeding migration","Denali, Alaska","Western",NA,"Stopover",0.00694664771905002,0.0764131249095502,"Northwestern Region"
"119","V7638_005",12,9,2018-10-14 22:50:59,-80.5708244781983,-81.3727059708007,-80.1607335041568,26.2052332128252,25.1958877425753,28.0616390922284,2018-10-20 11:22:06.5,6,5.52161458333333,"Post-breeding migration","Denali, Alaska","Western",NA,"Stopover",0.00694664771905002,0.0764131249095502,"Northwestern Region"
"120","V7638_005",9,13,2018-10-29 22:30:13,-71.1278028166584,-74.7735579036404,-67.5362784218481,7.56085273276366,-1.43670233083648,11.4200903765729,2018-11-02 10:30:12,8,3.49998842592593,"Post-breeding migration","Denali, Alaska","Western",NA,"Stopover",0.00694664771905002,0.0764131249095502,"Northwestern Region"
"121","V7638_005",13,11,2018-11-03 22:27:27,-69.1646563592297,-72.1469234522952,-65.9477765066016,5.00607887201446,-2.89030467369339,10.5404298635006,2018-11-09 10:17:11,9,5.49287037037037,"Post-breeding migration","Denali, Alaska","Western",NA,"Stopover",0.00694664771905002,0.0764131249095502,"Northwestern Region"
"122","V7638_005",11,18,2018-11-10 22:21:05,-65.5495851204137,-66.2489389936826,-64.8644875024667,2.9354935489659,0.8409014084588,4.94442653838218,2019-03-21 10:41:29.068965,10,130.514167464872,"Non-breeding period","Denali, Alaska","Western",1,"Nonbreeding",0.00694664771905002,0.0764131249095502,"Northwestern Region"
"123","V7638_009",18,3,2018-07-07 00:02:43.001945,-149.416795,-149.42673,-149.42673,63.722625,63.72141,63.72141,2018-07-08 08:16:05.005833,1,1.34261578575053,"Breeding","Denali, Alaska","Western",NA,"Breeding",0.00694664771905002,0.0764131249095502,"Northwestern Region"
"124","V7638_009",3,6,2018-09-19 23:15:22.293616,-80.7356298268266,-83.598068284352,-77.66649313482,51.3575099778905,46.2123911140121,54.8948782366715,2018-09-22 11:18:10.874768,3,2.50195117073479,"Post-breeding migration","Denali, Alaska","Western",NA,"Stopover",0.00694664771905002,0.0764131249095502,"Northwestern Region"
"125","V7638_009",6,14,2018-10-06 11:33:42.357784,-82.2524481470745,-83.7110697141649,-80.7837331365132,37.112543702071,29.1461301954711,43.6948902996079,2018-10-10 11:36:42.37334,5,4.00208351337799,"Post-breeding migration","Denali, Alaska","Western",NA,"Stopover",0.00694664771905002,0.0764131249095502,"Northwestern Region"
"126","V7638_009",14,9,2018-10-13 22:25:11.386951,-71.9471852388897,-74.1199236425736,-70.0574713737051,18.9077079693572,18.0521142590093,19.7656757938752,2018-10-16 10:40:20.396674,6,2.51052094585918,"Post-breeding migration","Denali, Alaska","Western",NA,"Stopover",0.00694664771905002,0.0764131249095502,"Northwestern Region"
"127","V7638_009",9,13,2018-10-17 22:41:05.402507,-72.4004785874422,-74.3684062604628,-70.3184597904058,9.13136621263749,3.18284701003529,11.9494235076238,2018-10-24 10:22:52.427785,7,6.48734982960754,"Post-breeding migration","Denali, Alaska","Western",NA,"Stopover",0.00694664771905002,0.0764131249095502,"Northwestern Region"
"128","V7638_009",13,18,2018-10-27 10:03:18.439452,-66.6391054786609,-66.9133499345133,-66.4232865818292,5.57844474119262,4.62001243267012,6.36367922577773,2019-04-26 22:43:59.85118,8,181.528257080184,"Non-breeding period","Denali, Alaska","Western",1,"Nonbreeding",0.00694664771905002,0.0764131249095502,"Northwestern Region"
"129","V7638_010",18,2,2018-07-04 07:53:16.54164,-149.416795,-149.40282,-149.40282,63.722625,63.717,63.717,2018-08-19 13:33:31.914173,1,46.2362890339505,"Breeding","Denali, Alaska","Western",NA,"Breeding",0.00694664771905002,0.0764131249095502,"Northwestern Region"
"130","V7638_010",2,5,2018-09-14 00:59:52.537821,-93.7850976299116,-97.7073639932592,-90.2674598476512,55.6199104380149,49.6374734655317,60.5454024494316,2018-09-19 00:16:09.954222,5,4.96964602316695,"Post-breeding migration","Denali, Alaska","Western",NA,"Stopover",0.00694664771905002,0.0764131249095502,"Northwestern Region"
"131","V7638_010",5,3,2018-09-27 10:35:43.162105,-74.8860396895298,-77.4343912272873,-72.0638187363732,51.8900945830814,42.0397436443505,56.2549616464543,2018-10-04 10:47:20.745066,6,7.00807387687266,"Post-breeding migration","Denali, Alaska","Western",NA,"Stopover",0.00694664771905002,0.0764131249095502,"Northwestern Region"
"132","V7638_010",3,9,2018-10-05 22:47:14.369987,-76.8002533500211,-79.2076004219807,-74.1640892241086,39.5619416912549,34.4222618633726,49.2875121646333,2018-10-11 11:06:15.328028,7,5.51320553288692,"Post-breeding migration","Denali, Alaska","Western",NA,"Stopover",0.00694664771905002,0.0764131249095502,"Northwestern Region"
"133","V7638_010",9,13,2018-10-12 22:38:41.216107,-72.0983740183819,-74.0992018163198,-69.4542557150755,9.04992261616646,2.31348400426318,12.0389300001231,2018-10-18 10:30:59.91099,8,5.4946608204091,"Post-breeding migration","Denali, Alaska","Western",NA,"Stopover",0.00694664771905002,0.0764131249095502,"Northwestern Region"
"134","V7638_010",13,10,2018-10-19 22:38:27.535911,-71.3271808697785,-73.9147802343242,-68.8605058248762,3.6679080276624,-4.91995553829212,10.543013396826,2018-10-24 22:30:03.952312,9,4.99417148612991,"Post-breeding migration","Denali, Alaska","Western",NA,"Stopover",0.00694664771905002,0.0764131249095502,"Northwestern Region"
"135","V7638_010",10,18,2018-10-26 22:24:36.26173,-63.201477486276,-63.9397977693473,-62.4453856418551,7.89646477532266,5.54368902993303,10.0038776193085,2019-02-26 10:11:25.820708,10,122.490851377058,"Non-breeding period","Denali, Alaska","Western",1,"Nonbreeding",0.00694664771905002,0.0764131249095502,"Northwestern Region"
"136","V7638_011",18,2,2018-07-12 08:14:00,-149.416795,-149.41913,-149.41913,63.722625,63.72384,63.72384,2018-08-21 05:12:30,1,39.8739583333333,"Breeding","Denali, Alaska","Western",NA,"Breeding",0.00694664771905002,0.0764131249095502,"Northwestern Region"
"137","V7638_011",2,6,2018-09-01 11:26:30,-96.6633873770547,-101.491670412702,-93.0657074396607,59.6813161628145,54.9863753926675,63.1893479070313,2018-09-03 11:29:05.294118,3,2.00179738562416,"Post-breeding migration","Denali, Alaska","Western",NA,"Stopover",0.00694664771905002,0.0764131249095502,"Northwestern Region"
"138","V7638_011",6,5,2018-09-05 11:05:20,-88.1380439116284,-95.0956999377436,-84.1868072663112,54.690928410421,50.2836428994638,61.1175566336423,2018-09-08 11:13:30,4,3.0056712962963,"Post-breeding migration","Denali, Alaska","Western",NA,"Stopover",0.00694664771905002,0.0764131249095502,"Northwestern Region"
"139","V7638_011",5,13,2018-09-29 22:46:50,-73.3881531559425,-74.7042148008673,-72.2554124709801,42.1814679993736,39.9065517613729,47.4020496461152,2018-10-10 10:57:15,8,10.5072337962963,"Post-breeding migration","Denali, Alaska","Western",NA,"Stopover",0.00694664771905002,0.0764131249095502,"Northwestern Region"
"140","V7638_011",13,18,2018-10-11 22:24:49.411765,-68.0905285035077,-69.671096157656,-66.2750288628531,6.72829654997622,-0.156417725972316,10.7074659898554,2018-10-26 22:20:40,9,14.9971132897558,"Non-breeding period","Denali, Alaska","Western",1,"Nonbreeding",0.00694664771905002,0.0764131249095502,"Northwestern Region"
"141","V8296_004",24,7,2019-07-11 00:54:46,-71.08716,-71.08315,-71.08315,47.38339,47.38248,47.38248,2019-08-16 09:26:46,1,36.3555555555556,"Breeding","Quebec","Eastern",NA,"Breeding",0.0287165560342067,0.545614564649928,"Eastern Region"
"142","V8296_004",7,14,2019-09-21 09:56:01,-67.5457649713439,-68.0020565807522,-67.2559948656928,48.5616281845272,47.4538771781238,49.9303992568537,2019-09-28 22:27:26,6,7.52181712962963,"Post-breeding migration","Quebec","Eastern",NA,"Stopover",0.0287165560342067,0.545614564649928,"Eastern Region"
"143","V8296_004",14,13,2019-09-30 10:08:31,-71.563857387465,-71.7513642776696,-71.468146942184,17.8306170239653,17.7093525790381,18.1096307505403,2019-10-02 22:48:46,7,2.52795138888889,"Post-breeding migration","Quebec","Eastern",NA,"Stopover",0.0287165560342067,0.545614564649928,"Eastern Region"
"144","V8296_004",13,24,2019-10-04 10:16:46,-67.9142694343105,-68.0940197082254,-67.7394743668692,5.14047904910231,4.55679857260952,5.72025895857817,2020-02-15 22:58:16,8,134.528819444444,"Non-breeding period","Quebec","Eastern",1,"Nonbreeding",0.0287165560342067,0.545614564649928,"Eastern Region"
"145","V8296_005",24,7,2019-06-19 01:18:52,-71.08716,-71.09479,-71.09479,47.38339,47.38323,47.38323,2019-08-24 09:41:28,1,66.3490277777778,"Breeding","Quebec","Eastern",NA,"Breeding",0.0287165560342067,0.545614564649928,"Eastern Region"
"146","V8296_005",7,14,2019-09-07 10:02:02,-64.5438088540473,-64.5509637882379,-64.5257138438059,46.769606301287,46.7566837429987,46.7725192767962,2019-09-29 09:51:47,3,21.9928819444444,"Post-breeding migration","Quebec","Eastern",NA,"Stopover",0.0287165560342067,0.545614564649928,"Eastern Region"
"147","V8296_005",14,13,2019-10-01 04:00:00,-69.1581678885858,-70.7883154328273,-67.2429266398829,18.894488,NA,NA,2019-10-08 04:00:00,4,7,"Post-breeding migration","Quebec","Eastern",NA,"Stopover",0.0287165560342067,0.545614564649928,"Eastern Region"
"148","V8296_005",13,24,2019-10-09 04:00:00,-70.8730578278812,-70.9579748988195,-70.8070442176275,0.77348508142151,0.128778284542854,1.62356611346672,2020-03-14 10:52:02,5,157.286134259259,"Non-breeding period","Quebec","Eastern",1,"Nonbreeding",0.0287165560342067,0.545614564649928,"Eastern Region"
"149","V8296_006",24,3,2019-07-09 00:45:39,-71.08716,-71.08172,-71.08172,47.38339,47.38599,47.38599,2019-08-14 09:28:02,1,36.3627662037037,"Breeding","Quebec","Eastern",NA,"Breeding",0.0287165560342067,0.545614564649928,"Eastern Region"
"150","V8296_006",3,9,2019-09-29 23:16:57,-79.1956644326153,-79.3553244636917,-79.0498885201125,33.6590259253045,33.1513707288067,34.9158017716602,2019-10-11 22:59:16,7,11.9877199074074,"Post-breeding migration","Quebec","Eastern",NA,"Stopover",0.0287165560342067,0.545614564649928,"Eastern Region"
"151","V8296_006",9,24,2019-10-13 22:37:27,-69.8580883456081,-70.2257588667354,-69.5243967172469,9.02719052741129,7.47015814979705,10.4075505467584,2019-11-18 10:25:47,8,35.4918981481481,"Non-breeding period","Quebec","Eastern",1,"Nonbreeding",0.0287165560342067,0.545614564649928,"Eastern Region"
"152","V8296_007",24,5,2019-07-09 01:03:06,-71.08716,-71.0869,-71.0869,47.38339,47.38746,47.38746,2019-07-10 01:08:06,1,1.00347222222222,"Breeding","Quebec","Eastern",NA,"Breeding",0.0287165560342067,0.545614564649928,"Eastern Region"
"153","V8296_007",5,14,2019-08-27 09:46:50,-70.6481256987519,-70.6612090762113,-70.6451203703511,41.9978885337425,41.9610926878008,42.0062376582536,2019-09-20 10:08:54,5,24.0153240740741,"Post-breeding migration","Quebec","Eastern",NA,"Stopover",0.0287165560342067,0.545614564649928,"Eastern Region"
"154","V8296_007",14,13,2019-09-21 22:41:36,-69.4769372662697,-69.4793378401406,-69.4727525858682,18.4243578748174,18.4205858556777,18.4387998699484,2019-10-10 22:29:36,6,18.9916666666667,"Post-breeding migration","Quebec","Eastern",NA,"Stopover",0.0287165560342067,0.545614564649928,"Eastern Region"
"155","V8296_007",13,24,2019-10-12 10:05:36,-67.317970871963,-67.4264980653655,-67.2095369477523,3.06786352374031,2.47298546642323,3.64671904095307,2020-04-11 10:12:51,7,182.005034722222,"Non-breeding period","Quebec","Eastern",1,"Nonbreeding",0.0287165560342067,0.545614564649928,"Eastern Region"
"156","V8296_008",24,14,2019-06-22 01:01:17,-71.08716,-71.08481,-71.08481,47.38339,47.3895,47.3895,2019-08-04 00:35:17,1,42.9819444444444,"Breeding","Quebec","Eastern",NA,"Breeding",0.0287165560342067,0.545614564649928,"Eastern Region"
"157","V8296_008",14,13,2019-09-22 10:20:02,-72.5212824659645,-72.5340652688538,-72.4993125268545,18.3013429590685,18.1321228049461,18.5112291286521,2019-10-05 23:02:17,5,13.5293402777778,"Post-breeding migration","Quebec","Eastern",NA,"Stopover",0.0287165560342067,0.545614564649928,"Eastern Region"
"158","V8296_008",13,24,2019-10-07 10:30:17,-72.1949603655403,-72.5090987557498,-71.8721219875293,4.21992647803724,2.88440604300203,5.40461558891075,2019-11-20 22:39:02,6,44.5060763888889,"Non-breeding period","Quebec","Eastern",1,"Nonbreeding",0.0287165560342067,0.545614564649928,"Eastern Region"
"159","V8296_015",24,14,2019-06-19 01:04:41,-71.08716,-71.09479,-71.09479,47.38339,47.38323,47.38323,2019-08-01 09:07:56,1,43.3355902777778,"Breeding","Quebec","Eastern",NA,"Breeding",0.0287165560342067,0.545614564649928,"Eastern Region"
"160","V8296_015",14,13,2019-09-21 10:02:01,-69.6054881402714,-69.6122898041063,-69.592702889681,18.4565695501464,18.439188935488,18.526233705944,2019-10-06 22:45:31,6,15.5302083333333,"Post-breeding migration","Quebec","Eastern",NA,"Stopover",0.0287165560342067,0.545614564649928,"Eastern Region"
"161","V8296_015",13,24,2019-10-18 10:27:53,-73.9859137192089,-74.2039022623799,-73.7696432719004,1.13382618866931,0.394991981520953,1.85152663183213,2020-03-12 10:54:01,8,146.018148148148,"Non-breeding period","Quebec","Eastern",1,"Nonbreeding",0.0287165560342067,0.545614564649928,"Eastern Region"
"162","V8296_017",24,5,2019-07-12 00:45:20,-71.08716,-71.08777,-71.08777,47.38339,47.38355,47.38355,2019-08-13 00:22:00,1,31.9837962962963,"Breeding","Quebec","Eastern",NA,"Breeding",0.0287165560342067,0.545614564649928,"Eastern Region"
"163","V8296_017",5,14,2019-09-15 10:05:00,-70.128195524151,-70.4590310127838,-69.9563996795327,41.7271822937319,41.5980299196351,41.7852167318465,2019-09-24 10:24:30,5,9.01354166666667,"Post-breeding migration","Quebec","Eastern",NA,"Stopover",0.0287165560342067,0.545614564649928,"Eastern Region"
"164","V8296_017",14,9,2019-10-07 04:00:00,-72.4775726248532,-73.5143520421762,-71.5772669242143,19.01,NA,NA,2019-10-11 04:00:00,6,4,"Post-breeding migration","Quebec","Eastern",NA,"Stopover",0.0287165560342067,0.545614564649928,"Eastern Region"
"165","V8296_017",9,24,2019-10-12 04:00:00,-71.2980993544568,-71.3768092268771,-71.2554488078395,6.49988876671913,6.03212525582147,6.90658968369839,2020-03-29 10:31:50,7,169.272106481481,"Non-breeding period","Quebec","Eastern",1,"Nonbreeding",0.0287165560342067,0.545614564649928,"Eastern Region"
"166","V8296_021",24,5,2019-07-09 00:45:45,-71.08716,-71.08271,-71.08271,47.38339,47.39119,47.39119,2019-07-10 01:03:41,1,1.0124537037037,"Breeding","Quebec","Eastern",NA,"Breeding",0.0287165560342067,0.545614564649928,"Eastern Region"
"167","V8296_021",5,14,2019-09-26 10:19:17,-71.571667809066,-71.6126806167392,-71.5381711448533,41.3870871176672,41.3730720528375,41.4467203342192,2019-09-29 04:00:00,4,2.7366087962963,"Post-breeding migration","Quebec","Eastern",NA,"Stopover",0.0287165560342067,0.545614564649928,"Eastern Region"
"168","V8296_021",14,9,2019-10-02 04:00:00,-70.9049269258901,-72.6423992838727,-69.1262208165697,18.747636,NA,NA,2019-10-07 04:00:00,5,5,"Post-breeding migration","Quebec","Eastern",NA,"Stopover",0.0287165560342067,0.545614564649928,"Eastern Region"
"169","V8296_021",9,24,2019-10-09 10:31:51,-71.6289440464763,-71.8307332288163,-71.3951339046811,8.98390864051115,8.67414064742962,9.18505863363462,2020-03-14 10:44:47,6,157.008981481481,"Non-breeding period","Quebec","Eastern",1,"Nonbreeding",0.0287165560342067,0.545614564649928,"Eastern Region"
"170","V8296_025",24,14,2019-06-18 00:59:07,-71.08716,-71.09769,-71.09769,47.38339,47.37864,47.37864,2019-06-19 01:07:52,1,1.00607638888889,"Breeding","Quebec","Eastern",NA,"Breeding",0.0287165560342067,0.545614564649928,"Eastern Region"
"171","V8296_025",14,13,2019-10-06 04:00:00,-72.5000375406609,-74.738631786375,-71.6171999020308,18.747636,NA,NA,2019-10-16 04:00:00,3,10,"Post-breeding migration","Quebec","Eastern",NA,"Stopover",0.0287165560342067,0.545614564649928,"Eastern Region"
"172","V8296_025",13,24,2019-10-17 04:00:00,-72.0085401755422,-72.3653256022712,-71.6946882953847,3.76271686787471,2.17185541030339,5.22547113619964,2019-11-29 10:29:03,4,43.2701736111111,"Non-breeding period","Quebec","Eastern",1,"Nonbreeding",0.0287165560342067,0.545614564649928,"Eastern Region"
"173","V8296_026",24,14,2019-07-09 23:50:34,-71.08716,-71.08306,-71.08306,47.38339,47.3811,47.3811,2019-07-11 00:58:33,1,1.04721064814815,"Breeding","Quebec","Eastern",NA,"Breeding",0.0287165560342067,0.545614564649928,"Eastern Region"
"174","V8296_026",14,13,2019-09-22 10:23:07,-72.1513040004937,-72.1673931200559,-72.1248571929526,19.3991497049556,18.6703723142268,19.6879406767336,2019-09-30 22:56:28,8,8.52315972222222,"Post-breeding migration","Quebec","Eastern",NA,"Stopover",0.0287165560342067,0.545614564649928,"Eastern Region"
"175","V8296_026",13,24,2019-10-02 10:21:22,-72.7397208191994,-72.7534808810989,-72.7340353716982,2.53122201843808,2.41021214454277,2.59100567444742,2020-04-18 10:41:07,9,199.013715277778,"Non-breeding period","Quebec","Eastern",1,"Nonbreeding",0.0287165560342067,0.545614564649928,"Eastern Region"
"176","V8757_010",16,2,2019-06-17 06:41:54,-129.8574554,-129.8574554,-129.8574554,58.16343635,58.16343635,58.16343635,2019-07-08 10:59:24,1,21.1788194444444,"Breeding","British Columbia, Highway 37","Western",NA,"Breeding",0.00543832147823275,0.043506571825862,"Western Region"
"177","V8757_010",2,5,2019-09-07 12:09:17,-102.168292770834,-104.124927409909,-100.229459044744,50.1656722998491,46.2783179229827,54.3730764683857,2019-09-12 12:01:39,4,4.99469907407407,"Post-breeding migration","British Columbia, Highway 37","Western",NA,"Stopover",0.00543832147823275,0.043506571825862,"Western Region"
"178","V8757_010",5,15,2019-10-15 10:45:24,-71.395860490234,-72.4258402326255,-70.4754500691736,42.2172291271011,41.3462083051032,45.1615875356399,2019-10-21 11:01:39,6,6.01128472222222,"Post-breeding migration","British Columbia, Highway 37","Western",NA,"Stopover",0.00543832147823275,0.043506571825862,"Western Region"
"179","V8757_010",15,10,2019-10-30 10:04:24,-64.7565305959062,-64.806340185961,-64.710877230198,17.7714856082594,17.7257672381818,17.8209833047809,2019-11-02 10:01:54,8,2.99826388888889,"Post-breeding migration","British Columbia, Highway 37","Western",NA,"Stopover",0.00543832147823275,0.043506571825862,"Western Region"
"180","V8757_010",10,16,2019-11-11 21:42:39,-54.7493952033339,-55.2653973200497,-54.2440685325731,4.72440308437835,4.44315187530102,5.45453975544172,2019-12-24 09:28:24,10,42.4901041666667,"Non-breeding period","British Columbia, Highway 37","Western",1,"Nonbreeding",0.00543832147823275,0.043506571825862,"Western Region"
"181","V8757_018",24,7,2019-07-12 00:39:42,-71.08716,-71.08742,-71.08742,47.38339,47.38517,47.38517,2019-08-07 09:15:30,1,26.3581944444444,"Breeding","Quebec","Eastern",NA,"Breeding",0.0287165560342067,0.545614564649928,"Eastern Region"
"182","V8757_018",7,15,2019-09-15 09:54:45,-63.9562933515258,-63.960578798311,-63.9428978219608,44.6494629988092,44.6191671595538,44.6562029399416,2019-09-26 04:00:00,5,10.7536458333333,"Post-breeding migration","Quebec","Eastern",NA,"Stopover",0.0287165560342067,0.545614564649928,"Eastern Region"
"183","V8757_018",15,9,2019-09-28 04:00:00,-61.8141458959384,-63.1165465748642,-60.2305814605499,16.06,NA,NA,2019-10-02 04:00:00,6,4,"Post-breeding migration","Quebec","Eastern",NA,"Stopover",0.0287165560342067,0.545614564649928,"Eastern Region"
"184","V8757_018",9,24,2019-10-06 21:55:57,-70.3105925316183,-70.5665636150807,-70.1075848378826,11.1701162167602,10.7885069003482,11.3290018582362,2020-04-26 10:34:09,7,202.526527777778,"Non-breeding period","Quebec","Eastern",1,"Nonbreeding",0.0287165560342067,0.545614564649928,"Eastern Region"
"185","V8757_019",16,8,2019-06-22 05:58:05,-129.8574554,-129.8574554,-129.8574554,58.16343635,58.16343635,58.16343635,2019-06-23 05:18:05,1,0.972222222222222,"Breeding","British Columbia, Highway 37","Western",NA,"Breeding",0.00543832147823275,0.043506571825862,"Western Region"
"186","V8757_019",8,6,2019-09-09 12:47:50,-111.615556278183,-111.961355029582,-111.348667140275,52.6478535114587,52.0757118747929,53.6229739903528,2019-09-11 12:49:12,3,2.00094907407407,"Post-breeding migration","British Columbia, Highway 37","Western",NA,"Stopover",0.00543832147823275,0.043506571825862,"Western Region"
"187","V8757_019",6,3,2019-09-19 11:21:50,-85.9279059009531,-86.1644728112333,-85.7065222851292,54.2453315421967,53.3423478407335,55.4083634438393,2019-09-22 11:22:35,4,3.00052083333333,"Post-breeding migration","British Columbia, Highway 37","Western",NA,"Stopover",0.00543832147823275,0.043506571825862,"Western Region"
"188","V8757_019",3,13,2019-09-29 10:53:41,-77.6710837461518,-77.9482620993467,-77.3335966242835,43.0963972124243,42.1438146500286,43.3613100669368,2019-10-11 11:06:35,6,12.0089583333333,"Post-breeding migration","British Columbia, Highway 37","Western",NA,"Stopover",0.00543832147823275,0.043506571825862,"Western Region"
"189","V8757_019",13,11,2019-10-13 10:39:35,-68.5840162741354,-68.7386244275836,-68.3997293560639,1.49642701246479,0.227073287579111,2.25782948368686,2019-10-17 22:36:20,7,4.49774305555556,"Post-breeding migration","British Columbia, Highway 37","Western",NA,"Stopover",0.00543832147823275,0.043506571825862,"Western Region"
"190","V8757_019",11,16,2019-10-19 10:17:08,-64.4313555267577,-64.4383844912189,-64.4245479700167,-0.12713932419387,-0.180725838283359,-0.0972968358442897,2020-03-08 10:21:16,8,141.00287037037,"Non-breeding period","British Columbia, Highway 37","Western",1,"Nonbreeding",0.00543832147823275,0.043506571825862,"Western Region"
"191","V8757_029",16,6,2019-06-21 06:19:21,-129.8574554,-129.8574554,-129.8574554,58.16343635,58.16343635,58.16343635,2019-06-22 05:20:41,1,0.959259259259259,"Breeding","British Columbia, Highway 37","Western",NA,"Breeding",0.00543832147823275,0.043506571825862,"Western Region"
"192","V8757_029",6,12,2019-09-27 10:58:01,-81.1384693127784,-81.330650793244,-80.9759037414637,47.890296276879,35.8365793689981,51.7950541905694,2019-10-05 11:06:41,7,8.00601851851852,"Post-breeding migration","British Columbia, Highway 37","Western",NA,"Stopover",0.00543832147823275,0.043506571825862,"Western Region"
"193","V8757_029",12,13,2019-10-07 11:16:17,-80.9509366290764,-81.7422329812477,-80.2602136990037,26.8254555746251,25.2924837423631,33.2299609186646,2019-10-13 11:15:11,8,5.99923611111111,"Post-breeding migration","British Columbia, Highway 37","Western",NA,"Stopover",0.00543832147823275,0.043506571825862,"Western Region"
"194","V8757_029",13,16,2019-10-26 22:28:11,-67.2008868742767,-67.8162556136541,-66.5792146926774,3.23368224069677,1.62207200661512,4.74049935300547,2020-01-07 10:23:56,10,72.4970486111111,"Non-breeding period","British Columbia, Highway 37","Western",1,"Nonbreeding",0.00543832147823275,0.043506571825862,"Western Region"
"195","V8757_055",22,6,2012-07-16 06:19:57,-114.420252,-114.420252,-114.420252,62.432741,62.432741,62.432741,2012-07-17 05:45:57,1,0.976388888888889,"Breeding","Northwest territories ","Central",NA,"Breeding",0.0418082173268325,0.33446573861466,"Central Region"
"196","V8757_055",6,5,2012-09-26 10:46:27,-84.6922655937869,-86.8817211334956,-82.8192100934534,53.7020789949492,49.3332704741097,55.5056611608487,2012-09-30 10:55:57,4,4.00659722222222,"Post-breeding migration","Northwest territories ","Central",NA,"Stopover",0.0418082173268325,0.33446573861466,"Central Region"
"197","V8757_055",5,11,2012-10-18 22:48:27,-72.0870504913841,-72.1025168621549,-72.0806444792957,41.377736180537,41.3722415126555,41.4000582523175,2012-11-04 10:47:57,7,16.4996527777778,"Post-breeding migration","Northwest territories ","Central",NA,"Stopover",0.0418082173268325,0.33446573861466,"Central Region"
"198","V8757_055",11,22,2012-11-05 22:01:57,-61.9346225979408,-62.3535116805926,-61.58467237472,1.65754831817605,0.250956583345117,2.85187507868755,2013-04-02 10:13:57,8,147.508333333333,"Non-breeding period","Northwest territories ","Central",1,"Nonbreeding",0.0418082173268325,0.33446573861466,"Central Region"
"199","V8757_078",24,5,2019-06-18 01:00:37,-71.08716,-71.09769,-71.09769,47.38339,47.37864,47.37864,2019-09-18 23:12:15,1,92.9247453703704,"Breeding","Quebec","Eastern",NA,"Breeding",0.0287165560342067,0.545614564649928,"Eastern Region"
"200","V8757_078",5,14,2019-09-23 10:23:10,-72.6498925525389,-73.3281384870591,-71.9702157256522,42.718142794958,40.8998773442944,47.3314492198711,2019-09-29 04:00:00,2,5.73391203703704,"Post-breeding migration","Quebec","Eastern",NA,"Stopover",0.0287165560342067,0.545614564649928,"Eastern Region"
"201","V8757_078",14,9,2019-10-02 04:00:00,-73.2927845471516,-74.104382453973,-72.5590998846069,18.35,NA,NA,2019-10-08 04:00:00,3,6,"Post-breeding migration","Quebec","Eastern",NA,"Stopover",0.0287165560342067,0.545614564649928,"Eastern Region"
"202","V8757_078",9,24,2019-10-09 10:38:50,-69.9869426496277,-70.2638800951566,-69.7096637546969,7.58158619384016,6.68182602131249,8.42997122353323,2020-02-29 10:37:30,4,142.999074074074,"Non-breeding period","Quebec","Eastern",1,"Nonbreeding",0.0287165560342067,0.545614564649928,"Eastern Region"
"203","V8757_096",20,7,2012-07-12 23:47:16.333067,-56.225,-56.225,-56.225,49.45833,49.45833,49.45833,2012-08-08 07:38:40.752342,1,26.3273659638371,"Breeding","Newfoundland ","Eastern",NA,"Breeding",0.0287165560342067,0.545614564649928,"Eastern Region"
"204","V8757_096",7,10,2012-10-10 21:58:21.153248,-60.9051235117673,-62.8527695823921,-60.1042371938722,46.0334548378433,45.2359824009028,46.8814135432968,2012-11-01 21:37:21.331514,7,21.9854187299339,"Post-breeding migration","Newfoundland ","Eastern",NA,"Stopover",0.0287165560342067,0.545614564649928,"Eastern Region"
"205","V8757_096",10,13,2012-11-03 09:45:39.41185,-61.9675823372262,-62.8803935582493,-60.919771252102,9.01913538744788,6.12365130496539,10.6798902338349,2012-11-14 09:52:38.667651,8,11.004852497688,"Post-breeding migration","Newfoundland ","Eastern",NA,"Stopover",0.0287165560342067,0.545614564649928,"Eastern Region"
"206","V8757_096",13,20,2012-11-19 10:14:45.37222,-68.4169092544481,-68.7381514711142,-68.0611921444182,4.58889705999493,3.40035502821343,5.38038618294211,2013-02-01 10:35:27.089174,10,74.0143717240128,"Non-breeding period","Newfoundland ","Eastern",1,"Nonbreeding",0.0287165560342067,0.545614564649928,"Eastern Region"
"207","V8757_134",20,7,2012-07-12 23:56:36,-56.225,-56.225,-56.225,49.45833,49.45833,49.45833,2012-07-14 00:19:06,1,1.015625,"Breeding","Newfoundland ","Eastern",NA,"Breeding",0.0287165560342067,0.545614564649928,"Eastern Region"
"208","V8757_134",7,11,2012-10-11 22:10:06,-65.174031990654,-65.1754190682146,-65.167858689321,46.7412858924327,46.7241777381853,46.813524709439,2012-10-20 10:06:12,8,8.49729166666667,"Post-breeding migration","Newfoundland ","Eastern",NA,"Stopover",0.0287165560342067,0.545614564649928,"Eastern Region"
"209","V8757_134",11,20,2012-10-21 22:36:36,-67.2831699453294,-67.5019770910009,-67.0995104450247,-1.58106596586581,-2.5677367450248,-0.861205091254897,2013-04-03 10:34:36,9,163.498611111111,"Non-breeding period","Newfoundland ","Eastern",1,"Nonbreeding",0.0287165560342067,0.545614564649928,"Eastern Region"
