X,geo_id,StartTime,EndTime,Lon.50.,Lon.2.5.,Lon.97.5.,Lat.50.,Lat.2.5.,Lat.97.5.,sitenum,duration,period,geo.id2,band.id,animal.id,animal.taxon,deploy.on.date,deploy.on.time_GMT,deploy.off.date,deploy.off.time,lig.estimated.deploy.day,lig.estimated.recovery.day,animal.latest.date.born,animal.life.stage,Wing.cord.mm,animal.mass,animal.sex,animal.taxon.detail,attachment.type,deploy.latitude,deploy.longitude,recovery.latitude,recovery.longitude,deployment.comments,deployment.end.type,manipulation.type,study.site,deploy.range,tag.comments,study.site.specification,tag.manufacturer.name,tag.mass,tag.model,tag.readout.method,tag.serial.no,Study,preliminary_analysis,recording_interval_seconds,light_threshold,Time_shift_hours,Recorded_North_South_mig,Light_Data_Available,Time_shift,In_habitat_median_zenith_angle,Hill_Ekstrom_median_angle,tol,MCMC.iter,MCMC.thin,MCMC.chains,changeLight.days,changelight.quantile,mergesites.distance,stat.nbr.limit,path.elongated,Insert_twilights,Range_region,Fall_carrib_edits,Clock_drift_edits,mod.deploy.lon,mod.deploy.lat,nbr.arrival,nbr.departure,spring.equinox.year,spring.equinox.date,Recaptured,IH.calib.start,IH.calib.end,IH.calib.start2,IH.calib.end2,Zenith0_adjustment,Breeding_region_MC,site_type,NB_count,IQR.lon.dist,IQR.lat.dist,NB.last.site.arrival,cluster,next.cluster
67,A,NA,NA,-72.815699,-72.8165699,-72.8165699,44.528354,44.528354,44.528354,1,NA,Pre-breeding migration,,2110-80395,NA,Setophaga,2013-06-13,0:30:00,2014-06-04,,2013-06-13,2014-06-04,2012-07-01,After hatch year when tagged,NA,11.2,Male ,striata,harness,44.528354,-72.8165699,NA,NA,"captured and released on Mt Mansfield, VT",removal,none,"Mount Mansfield, Vermont, USA",Breeding,Biotrack model MK-6 (~0.5 g including harness),NA,Biotrack,0.5,MK-6,tag-retrieval,NA,Deluca et al. 2015,Yes ,120,NA,-4.010480796,Both,Yes,Yes,93.06528577,92.25,0.12,1000,20,3,2,0.9,250,14,FALSE,No,Eastern,TRUE,FALSE,-72.815699,44.528354,1381659637,1399416697,2014,2014-03-20,No,2013-07-01,2013-08-20,2014-05-30,2014-06-05,0,Eastern Region,Breeding,NA,NA,NA,NA,17,12
68,A,2014-04-07 22:59:37,2014-05-06 22:51:37,-69.1401607836796,-69.4995880160212,-68.766141923897,6.88874271413565,5.89595518274509,8.43866017220951,11,28.9944444444444,Non-breeding period,,2110-80395,NA,Setophaga,2013-06-13,0:30:00,2014-06-04,,2013-06-13,2014-06-04,2012-07-01,After hatch year when tagged,NA,11.2,Male ,striata,harness,44.528354,-72.8165699,NA,NA,"captured and released on Mt Mansfield, VT",removal,none,"Mount Mansfield, Vermont, USA",Breeding,Biotrack model MK-6 (~0.5 g including harness),NA,Biotrack,0.5,MK-6,tag-retrieval,NA,Deluca et al. 2015,Yes ,120,NA,-4.010480796,Both,Yes,Yes,93.06528577,92.25,0.12,1000,20,3,2,0.9,250,14,FALSE,No,Eastern,TRUE,FALSE,-72.815699,44.528354,1381659637,1399416697,2014,2014-03-20,No,2013-07-01,2013-08-20,2014-05-30,2014-06-05,0,Eastern Region,Nonbreeding,3,81057.422988101,283052.624664695,2014-04-07 22:59:37,12,10
69,A,2014-05-08 09:57:27,2014-05-14 23:36:07,-75.8962429101959,-76.6315815243493,-75.2870835015964,29.0754414652957,27.9487572437742,30.6961238107579,12,6.56851851851852,Pre-breeding migration,,2110-80395,NA,Setophaga,2013-06-13,0:30:00,2014-06-04,,2013-06-13,2014-06-04,2012-07-01,After hatch year when tagged,NA,11.2,Male ,striata,harness,44.528354,-72.8165699,NA,NA,"captured and released on Mt Mansfield, VT",removal,none,"Mount Mansfield, Vermont, USA",Breeding,Biotrack model MK-6 (~0.5 g including harness),NA,Biotrack,0.5,MK-6,tag-retrieval,NA,Deluca et al. 2015,Yes ,120,NA,-4.010480796,Both,Yes,Yes,93.06528577,92.25,0.12,1000,20,3,2,0.9,250,14,FALSE,No,Eastern,TRUE,FALSE,-72.815699,44.528354,1381659637,1399416697,2014,2014-03-20,No,2013-07-01,2013-08-20,2014-05-30,2014-06-05,0,Eastern Region,Stopover,NA,130806.949564613,305835.447259084,2014-04-07 22:59:37,10,13
70,A,2014-05-21 00:44:47,2014-05-23 09:35:52,-78.6900784227992,-80.0793923217303,-77.2110554637334,39.3020520518983,37.9131648790004,41.4456630153481,13,2.36880787037037,Pre-breeding migration,,2110-80395,NA,Setophaga,2013-06-13,0:30:00,2014-06-04,,2013-06-13,2014-06-04,2012-07-01,After hatch year when tagged,NA,11.2,Male ,striata,harness,44.528354,-72.8165699,NA,NA,"captured and released on Mt Mansfield, VT",removal,none,"Mount Mansfield, Vermont, USA",Breeding,Biotrack model MK-6 (~0.5 g including harness),NA,Biotrack,0.5,MK-6,tag-retrieval,NA,Deluca et al. 2015,Yes ,120,NA,-4.010480796,Both,Yes,Yes,93.06528577,92.25,0.12,1000,20,3,2,0.9,250,14,FALSE,No,Eastern,TRUE,FALSE,-72.815699,44.528354,1381659637,1399416697,2014,2014-03-20,No,2013-07-01,2013-08-20,2014-05-30,2014-06-05,0,Eastern Region,Stopover,NA,247070.974176796,393235.893766415,2014-04-07 22:59:37,13,17
71,A,2014-05-29 00:42:37,2014-06-04 08:53:16,-72.815699,-72.8165699,-72.8165699,44.528354,44.528354,44.528354,14,6.34072916666667,Pre-breeding migration,,2110-80395,NA,Setophaga,2013-06-13,0:30:00,2014-06-04,,2013-06-13,2014-06-04,2012-07-01,After hatch year when tagged,NA,11.2,Male ,striata,harness,44.528354,-72.8165699,NA,NA,"captured and released on Mt Mansfield, VT",removal,none,"Mount Mansfield, Vermont, USA",Breeding,Biotrack model MK-6 (~0.5 g including harness),NA,Biotrack,0.5,MK-6,tag-retrieval,NA,Deluca et al. 2015,Yes ,120,NA,-4.010480796,Both,Yes,Yes,93.06528577,92.25,0.12,1000,20,3,2,0.9,250,14,FALSE,No,Eastern,TRUE,FALSE,-72.815699,44.528354,1381659637,1399416697,2014,2014-03-20,No,2013-07-01,2013-08-20,2014-05-30,2014-06-05,0,Eastern Region,Breeding,NA,NA,NA,NA,17,NA
72,B,NA,NA,-72.815699,-72.815699,-72.815699,44.528354,44.528354,44.528354,1,NA,Pre-breeding migration,,2490-89933,NA,Setophaga,2013-06-18,4:45:00,2014-06-17,,2013-06-18,2014-06-17,2012-07-01,After hatch year,NA,12.8,Female ,striata,harness,44.528354,-72.815699,NA,NA,"captured and released on Mt Mansfield, VT",removal,none,"Mount Mansfield, Vermont, USA",Breeding,Biotrack model MK-6 (~0.5 g including harness),NA,Biotrack,0.5,MK-6,tag-retrieval,NA,Deluca et al. 2015,No ,120,NA,NA,Both,Yes,No,92.52512211,92.5,0.16,1000,20,3,2,0.9,250,14,FALSE,,Eastern,TRUE,FALSE,-72.815699,44.528354,1379802882,1397903190,2014,2014-03-20,No,2013-07-01,2013-08-20,2014-05-25,2014-06-10,0,Eastern Region,Breeding,NA,NA,NA,NA,17,12
73,B,2013-10-24 04:00:00,2014-04-19 10:26:30,-71.4805999691094,-71.6477989004701,-71.3066995652874,7.1266375343714,6.33545135354175,7.84994962689871,7,177.268402777778,Non-breeding period,,2490-89933,NA,Setophaga,2013-06-18,4:45:00,2014-06-17,,2013-06-18,2014-06-17,2012-07-01,After hatch year,NA,12.8,Female ,striata,harness,44.528354,-72.815699,NA,NA,"captured and released on Mt Mansfield, VT",removal,none,"Mount Mansfield, Vermont, USA",Breeding,Biotrack model MK-6 (~0.5 g including harness),NA,Biotrack,0.5,MK-6,tag-retrieval,NA,Deluca et al. 2015,No ,120,NA,NA,Both,Yes,No,92.52512211,92.5,0.16,1000,20,3,2,0.9,250,14,FALSE,,Eastern,TRUE,FALSE,-72.815699,44.528354,1379802882,1397903190,2014,2014-03-20,No,2013-07-01,2013-08-20,2014-05-25,2014-06-10,0,Eastern Region,Nonbreeding,1,37677.6533927131,168593.176597388,2013-10-24 04:00:00,12,13
74,B,2014-04-25 10:30:57,2014-04-29 10:19:12,-79.4401855371356,-80.9090721360384,-78.0622020982763,36.258731260263,33.962113709558,39.1478003263489,8,3.99184027777778,Pre-breeding migration,,2490-89933,NA,Setophaga,2013-06-18,4:45:00,2014-06-17,,2013-06-18,2014-06-17,2012-07-01,After hatch year,NA,12.8,Female ,striata,harness,44.528354,-72.815699,NA,NA,"captured and released on Mt Mansfield, VT",removal,none,"Mount Mansfield, Vermont, USA",Breeding,Biotrack model MK-6 (~0.5 g including harness),NA,Biotrack,0.5,MK-6,tag-retrieval,NA,Deluca et al. 2015,No ,120,NA,NA,Both,Yes,No,92.52512211,92.5,0.16,1000,20,3,2,0.9,250,14,FALSE,,Eastern,TRUE,FALSE,-72.815699,44.528354,1379802882,1397903190,2014,2014-03-20,No,2013-07-01,2013-08-20,2014-05-25,2014-06-10,0,Eastern Region,Stopover,NA,255534.315486504,577267.993594658,2013-10-24 04:00:00,13,17
75,B,2014-05-19 08:59:42,2014-07-07 08:50:27,-72.815699,-72.815699,-72.815699,44.528354,44.528354,44.528354,9,48.9935763888889,Pre-breeding migration,,2490-89933,NA,Setophaga,2013-06-18,4:45:00,2014-06-17,,2013-06-18,2014-06-17,2012-07-01,After hatch year,NA,12.8,Female ,striata,harness,44.528354,-72.815699,NA,NA,"captured and released on Mt Mansfield, VT",removal,none,"Mount Mansfield, Vermont, USA",Breeding,Biotrack model MK-6 (~0.5 g including harness),NA,Biotrack,0.5,MK-6,tag-retrieval,NA,Deluca et al. 2015,No ,120,NA,NA,Both,Yes,No,92.52512211,92.5,0.16,1000,20,3,2,0.9,250,14,FALSE,,Eastern,TRUE,FALSE,-72.815699,44.528354,1379802882,1397903190,2014,2014-03-20,No,2013-07-01,2013-08-20,2014-05-25,2014-06-10,0,Eastern Region,Breeding,NA,NA,NA,NA,17,NA
76,E,NA,NA,-72.815699,-72.815699,-72.815699,44.528354,44.528359,44.528359,1,NA,Pre-breeding migration,,2540-59026,NA,Setophaga,2013-06-18,0:50:00,2014-07-08,,2013-06-18,2014-07-08,2012-07-01,Adult,NA,11,Male ,striata,harness,44.528359,-72.815699,NA,NA,"captured and released on Mt Mansfield, VT",removal,none,"Mount Mansfield, Vermont, USA",Breeding,Biotrack model MK-6 (0.6 g including harness) geolocators,NA,Biotrack,0.6,MK-6,tag-retrieval,NA,Deluca et al. 2015,No ,120,NA,NA,Both,Yes,No ,93.38441885,91.5,0.255,1000,20,3,2,0.89,250,14,FALSE,No ,Eastern,FALSE,FALSE,-72.815699,44.528354,2013-12-19 10:42,2014-04-24 10:40,2014,2014-03-20,No,2013-07-01,2013-08-20,2014-05-25,2014-06-10,0,Eastern Region,Breeding,NA,NA,NA,NA,17,9
77,E,2014-03-20 23:09:22,2014-04-24 10:40:15,-71.6967707094617,-72.048487217018,-71.3243792276266,11.9312591383964,10.4587153600841,12.3616733749093,12,34.4797800925926,Non-breeding period,,2540-59026,NA,Setophaga,2013-06-18,0:50:00,2014-07-08,,2013-06-18,2014-07-08,2012-07-01,Adult,NA,11,Male ,striata,harness,44.528359,-72.815699,NA,NA,"captured and released on Mt Mansfield, VT",removal,none,"Mount Mansfield, Vermont, USA",Breeding,Biotrack model MK-6 (0.6 g including harness) geolocators,NA,Biotrack,0.6,MK-6,tag-retrieval,NA,Deluca et al. 2015,No ,120,NA,NA,Both,Yes,No ,93.38441885,91.5,0.255,1000,20,3,2,0.89,250,14,FALSE,No ,Eastern,FALSE,FALSE,-72.815699,44.528354,2013-12-19 10:42,2014-04-24 10:40,2014,2014-03-20,No,2013-07-01,2013-08-20,2014-05-25,2014-06-10,0,Eastern Region,Nonbreeding,4,78865.8967893324,211836.317211317,2014-03-20 23:09:22,9,2
78,E,2014-04-29 23:01:33,2014-05-04 23:42:15,-73.958950885728,-74.1912870304406,-73.8196241200371,22.4609368700127,22.2330703931329,22.6064367264048,13,5.02826388888889,Pre-breeding migration,,2540-59026,NA,Setophaga,2013-06-18,0:50:00,2014-07-08,,2013-06-18,2014-07-08,2012-07-01,Adult,NA,11,Male ,striata,harness,44.528359,-72.815699,NA,NA,"captured and released on Mt Mansfield, VT",removal,none,"Mount Mansfield, Vermont, USA",Breeding,Biotrack model MK-6 (0.6 g including harness) geolocators,NA,Biotrack,0.6,MK-6,tag-retrieval,NA,Deluca et al. 2015,No ,120,NA,NA,Both,Yes,No ,93.38441885,91.5,0.255,1000,20,3,2,0.89,250,14,FALSE,No ,Eastern,FALSE,FALSE,-72.815699,44.528354,2013-12-19 10:42,2014-04-24 10:40,2014,2014-03-20,No,2013-07-01,2013-08-20,2014-05-25,2014-06-10,0,Eastern Region,Stopover,NA,38234.7449009734,41562.9500991825,2014-03-20 23:09:22,2,17
79,E,2014-05-18 00:20:15,2014-06-16 08:24:05,-72.815699,-72.815699,-72.815699,44.528354,44.528359,44.528359,14,29.3359953703704,Pre-breeding migration,,2540-59026,NA,Setophaga,2013-06-18,0:50:00,2014-07-08,,2013-06-18,2014-07-08,2012-07-01,Adult,NA,11,Male ,striata,harness,44.528359,-72.815699,NA,NA,"captured and released on Mt Mansfield, VT",removal,none,"Mount Mansfield, Vermont, USA",Breeding,Biotrack model MK-6 (0.6 g including harness) geolocators,NA,Biotrack,0.6,MK-6,tag-retrieval,NA,Deluca et al. 2015,No ,120,NA,NA,Both,Yes,No ,93.38441885,91.5,0.255,1000,20,3,2,0.89,250,14,FALSE,No ,Eastern,FALSE,FALSE,-72.815699,44.528354,2013-12-19 10:42,2014-04-24 10:40,2014,2014-03-20,No,2013-07-01,2013-08-20,2014-05-25,2014-06-10,0,Eastern Region,Breeding,NA,NA,NA,NA,17,NA
105,V8296_004,NA,NA,-71.08742,-71.08315,-71.08315,47.38323,47.38248,47.38248,1,NA,Pre-breeding migration,,2920-25333,NA,Setophaga,2019-07-10,7:00,?,,2019-07-10,,,,71,12,Male,striata,harness,47.38248,-71.08315,NA,NA,,,,Quebec,Breeding,,NA,Lotek,?,ML-6740,,NA,Unpublished,No ,120,NA,59.21956088,Both,Yes,Yes,92.84767818,93.75,0.15,1000,20,3,2,0.9,250,14,FALSE,,Eastern,FALSE,FALSE,-71.08742,47.38323,2019-10-04 10:16,2020-04-18 10:45,2020,2020-03-19,No,2019-07-17,2019-09-10,NA,NA,0,Eastern Region,Breeding,NA,NA,NA,NA,21,8
106,V8296_004,2020-02-18 22:59:34,2020-04-18 10:45:16,-75.2829667625927,-75.2903016395764,-75.2734357862108,-4.56118213790808,-4.57428667528773,-4.51074039082556,9,59.4900694444444,Non-breeding period,,2920-25333,NA,Setophaga,2019-07-10,7:00,?,,2019-07-10,,,,71,12,Male,striata,harness,47.38248,-71.08315,NA,NA,,,,Quebec,Breeding,,NA,Lotek,?,ML-6740,,NA,Unpublished,No ,120,NA,59.21956088,Both,Yes,Yes,92.84767818,93.75,0.15,1000,20,3,2,0.9,250,14,FALSE,,Eastern,FALSE,FALSE,-71.08742,47.38323,2019-10-04 10:16,2020-04-18 10:45,2020,2020-03-19,No,2019-07-17,2019-09-10,NA,NA,0,Eastern Region,Nonbreeding,2,1871.55214232509,7073.94002813294,2020-02-18 22:59:34,8,9
107,V8296_004,2020-04-19 23:20:46,2020-04-25 10:21:53,-73.15345673826,-73.8265152020688,-72.4690437150666,10.0530341248613,7.97284810987439,11.4666115129939,10,5.4591087962963,Pre-breeding migration,,2920-25333,NA,Setophaga,2019-07-10,7:00,?,,2019-07-10,,,,71,12,Male,striata,harness,47.38248,-71.08315,NA,NA,,,,Quebec,Breeding,,NA,Lotek,?,ML-6740,,NA,Unpublished,No ,120,NA,59.21956088,Both,Yes,Yes,92.84767818,93.75,0.15,1000,20,3,2,0.9,250,14,FALSE,,Eastern,FALSE,FALSE,-71.08742,47.38323,2019-10-04 10:16,2020-04-18 10:45,2020,2020-03-19,No,2019-07-17,2019-09-10,NA,NA,0,Eastern Region,Stopover,NA,148792.829621424,388923.962987434,2020-02-18 22:59:34,9,NA
108,V8296_004,2020-04-26 23:00:16,2020-05-07 23:11:01,-69.9725859106145,-70.165727752978,-69.6852094917892,11.8664362566898,11.1805132343112,12.1001253612984,11,11.0074652777778,Pre-breeding migration,,2920-25333,NA,Setophaga,2019-07-10,7:00,?,,2019-07-10,,,,71,12,Male,striata,harness,47.38248,-71.08315,NA,NA,,,,Quebec,Breeding,,NA,Lotek,?,ML-6740,,NA,Unpublished,No ,120,NA,59.21956088,Both,Yes,Yes,92.84767818,93.75,0.15,1000,20,3,2,0.9,250,14,FALSE,,Eastern,FALSE,FALSE,-71.08742,47.38323,2019-10-04 10:16,2020-04-18 10:45,2020,2020-03-19,No,2019-07-17,2019-09-10,NA,NA,0,Eastern Region,Stopover,NA,52347.9171673255,102370.753703544,2020-02-18 22:59:34,9,21
109,V8296_004,2020-05-26 00:50:16,2020-05-27 08:20:06,-71.08742,-71.08315,-71.08315,47.38323,47.38248,47.38248,12,1.31238425925926,Pre-breeding migration,,2920-25333,NA,Setophaga,2019-07-10,7:00,?,,2019-07-10,,,,71,12,Male,striata,harness,47.38248,-71.08315,NA,NA,,,,Quebec,Breeding,,NA,Lotek,?,ML-6740,,NA,Unpublished,No ,120,NA,59.21956088,Both,Yes,Yes,92.84767818,93.75,0.15,1000,20,3,2,0.9,250,14,FALSE,,Eastern,FALSE,FALSE,-71.08742,47.38323,2019-10-04 10:16,2020-04-18 10:45,2020,2020-03-19,No,2019-07-17,2019-09-10,NA,NA,0,Eastern Region,Breeding,NA,NA,NA,NA,21,NA
110,V8296_005,NA,NA,-71.08742,-71.09479,-71.09479,47.38323,47.38323,47.38323,1,NA,Pre-breeding migration,,2920-25307,NA,Setophaga,2019-06-18,6:45,?,,2019-06-18,,,,72,11.4,Male,striata,harness,47.38323,-71.09479,NA,NA,,,,Quebec,Breeding,,NA,Lotek,?,ML-6740,,NA,Unpublished,Yes ,120,NA,55.95313996,Both,Yes,Yes,93.33852757,93,0.08,1000,20,3,2,0.86,250,14,FALSE,Yes,Eastern,TRUE,FALSE,-71.08742,47.38323,2019-09-30,2020-04-21,2020,2020-03-19,No,2019-07-01,2019-08-20,NA,NA,0,Eastern Region,Breeding,NA,NA,NA,NA,21,12
111,V8296_005,2020-03-15 23:10:54,2020-04-21 10:23:47,-72.1742131116127,-72.4650283171533,-71.8923886932892,7.86508211743692,5.99740802934479,9.81820777239669,6,36.4672800925926,Non-breeding period,,2920-25307,NA,Setophaga,2019-06-18,6:45,?,,2019-06-18,,,,72,11.4,Male,striata,harness,47.38323,-71.09479,NA,NA,,,,Quebec,Breeding,,NA,Lotek,?,ML-6740,,NA,Unpublished,Yes ,120,NA,55.95313996,Both,Yes,Yes,93.33852757,93,0.08,1000,20,3,2,0.86,250,14,FALSE,Yes,Eastern,TRUE,FALSE,-71.08742,47.38323,2019-09-30,2020-04-21,2020,2020-03-19,No,2019-07-01,2019-08-20,NA,NA,0,Eastern Region,Nonbreeding,2,63146.2909537352,425329.481819608,2020-03-15 23:10:54,12,9
112,V8296_005,2020-04-27 23:01:32,2020-05-06 22:58:17,-68.3248750076572,-68.593554374075,-68.0089521424959,10.6407980587502,9.62996456109473,10.9816048393744,7,8.99774305555555,Pre-breeding migration,,2920-25307,NA,Setophaga,2019-06-18,6:45,?,,2019-06-18,,,,72,11.4,Male,striata,harness,47.38323,-71.09479,NA,NA,,,,Quebec,Breeding,,NA,Lotek,?,ML-6740,,NA,Unpublished,Yes ,120,NA,55.95313996,Both,Yes,Yes,93.33852757,93,0.08,1000,20,3,2,0.86,250,14,FALSE,Yes,Eastern,TRUE,FALSE,-71.08742,47.38323,2019-09-30,2020-04-21,2020,2020-03-19,No,2019-07-01,2019-08-20,NA,NA,0,Eastern Region,Stopover,NA,63958.5459916425,150463.907513773,2020-03-15 23:10:54,9,3
113,V8296_005,2020-05-14 10:33:13,2020-05-17 10:35:20,-87.1615110861089,-88.2247376599121,-86.1146251479771,32.8845250489162,31.5517122267135,34.9485534199486,8,3.00146990740741,Pre-breeding migration,,2920-25307,NA,Setophaga,2019-06-18,6:45,?,,2019-06-18,,,,72,11.4,Male,striata,harness,47.38323,-71.09479,NA,NA,,,,Quebec,Breeding,,NA,Lotek,?,ML-6740,,NA,Unpublished,Yes ,120,NA,55.95313996,Both,Yes,Yes,93.33852757,93,0.08,1000,20,3,2,0.86,250,14,FALSE,Yes,Eastern,TRUE,FALSE,-71.08742,47.38323,2019-09-30,2020-04-21,2020,2020-03-19,No,2019-07-01,2019-08-20,NA,NA,0,Eastern Region,Stopover,NA,197255.060557312,378134.631936545,2020-03-15 23:10:54,3,21
114,V8296_005,2020-05-28 00:50:26,2020-06-16 08:10:02,-71.08742,-71.09479,-71.09479,47.38323,47.38323,47.38323,9,19.3052777777778,Pre-breeding migration,,2920-25307,NA,Setophaga,2019-06-18,6:45,?,,2019-06-18,,,,72,11.4,Male,striata,harness,47.38323,-71.09479,NA,NA,,,,Quebec,Breeding,,NA,Lotek,?,ML-6740,,NA,Unpublished,Yes ,120,NA,55.95313996,Both,Yes,Yes,93.33852757,93,0.08,1000,20,3,2,0.86,250,14,FALSE,Yes,Eastern,TRUE,FALSE,-71.08742,47.38323,2019-09-30,2020-04-21,2020,2020-03-19,No,2019-07-01,2019-08-20,NA,NA,0,Eastern Region,Breeding,NA,NA,NA,NA,21,NA
115,V8296_006,NA,NA,-71.08742,-71.08172,-71.08172,47.38323,47.38599,47.38599,1,NA,Pre-breeding migration,,2920-25329,NA,Setophaga,2019-07-09,8:20,?,,2019-07-09,,,,73,13.1,Male,striata,harness,47.38599,-71.08172,NA,NA,,,,Quebec,Breeding,,NA,Lotek,?,ML-6740,,NA,Unpublished,No,120,NA,NA,Both,Yes,Yes,92.40639789,93,0.1,1000,20,3,2,0.92,250,14,FALSE,Yes ,Eastern,FALSE,FALSE,-71.08742,47.38323,2019-10-13,2020-05-04,2020,2020-03-19,No,2019-07-17,2019-09-10,NA,NA,0,Eastern Region,Breeding,NA,NA,NA,NA,21,9
116,V8296_006,2020-04-02 22:59:36,2020-05-04 23:00:12,-69.7600468793814,-70.1533998390012,-69.3520778280015,10.3438949317809,8.81645015313606,11.6520032156913,10,32.0004166666667,Non-breeding period,,2920-25329,NA,Setophaga,2019-07-09,8:20,?,,2019-07-09,,,,73,13.1,Male,striata,harness,47.38599,-71.08172,NA,NA,,,,Quebec,Breeding,,NA,Lotek,?,ML-6740,,NA,Unpublished,No,120,NA,NA,Both,Yes,Yes,92.40639789,93,0.1,1000,20,3,2,0.92,250,14,FALSE,Yes ,Eastern,FALSE,FALSE,-71.08742,47.38323,2019-10-13,2020-05-04,2020,2020-03-19,No,2019-07-17,2019-09-10,NA,NA,0,Eastern Region,Nonbreeding,3,87752.9911436786,315652.323040961,2020-04-02 22:59:36,9,NA
117,V8296_006,2020-05-06 10:12:42,2020-05-10 23:02:12,-70.0905418002429,-70.8681849527591,-69.4027391378008,10.8283301869381,9.23999337399977,11.890489494378,11,4.534375,Pre-breeding migration,,2920-25329,NA,Setophaga,2019-07-09,8:20,?,,2019-07-09,,,,73,13.1,Male,striata,harness,47.38599,-71.08172,NA,NA,,,,Quebec,Breeding,,NA,Lotek,?,ML-6740,,NA,Unpublished,No,120,NA,NA,Both,Yes,Yes,92.40639789,93,0.1,1000,20,3,2,0.92,250,14,FALSE,Yes ,Eastern,FALSE,FALSE,-71.08742,47.38323,2019-10-13,2020-05-04,2020,2020-03-19,No,2019-07-17,2019-09-10,NA,NA,0,Eastern Region,Stopover,NA,160227.865363804,295051.87847005,2020-04-02 22:59:36,9,21
118,V8296_006,2020-05-28 00:40:57,2020-06-07 08:18:42,-71.08742,-71.08172,-71.08172,47.38323,47.38599,47.38599,12,10.3178819444444,Pre-breeding migration,,2920-25329,NA,Setophaga,2019-07-09,8:20,?,,2019-07-09,,,,73,13.1,Male,striata,harness,47.38599,-71.08172,NA,NA,,,,Quebec,Breeding,,NA,Lotek,?,ML-6740,,NA,Unpublished,No,120,NA,NA,Both,Yes,Yes,92.40639789,93,0.1,1000,20,3,2,0.92,250,14,FALSE,Yes ,Eastern,FALSE,FALSE,-71.08742,47.38323,2019-10-13,2020-05-04,2020,2020-03-19,No,2019-07-17,2019-09-10,NA,NA,0,Eastern Region,Breeding,NA,NA,NA,NA,21,NA
119,V8296_017,NA,NA,-71.08742,-71.08777,-71.08777,47.38323,47.38355,47.38355,1,NA,Pre-breeding migration,,2920-25338,NA,Setophaga,2019-07-11,5:50,2020-05-27,,2019-07-11,,,,72,10.9,Male,striata,harness,47.38355,-71.08777,NA,NA,,,,Quebec,Breeding,,NA,Lotek,?,ML-6740,,NA,Unpublished,No,120,NA,59.49442113,Both,Yes,Yes,92.5417576,93.25,0.1,1000,20,3,2,0.92,250,14,FALSE,,Eastern,TRUE,FALSE,-71.08742,47.38323,2019-09-25,2020-05-03,2020,2020-03-19,No,2019-07-17,2019-09-29,NA,NA,0,Eastern Region,Breeding,NA,NA,NA,NA,21,12
120,V8296_017,2020-03-30 22:58:30,2020-05-03 10:22:15,-70.8514260788139,-71.2182399474725,-70.4797005906326,7.3285467450895,5.77164740132159,9.13446841639447,8,33.4748263888889,Non-breeding period,,2920-25338,NA,Setophaga,2019-07-11,5:50,2020-05-27,,2019-07-11,,,,72,10.9,Male,striata,harness,47.38355,-71.08777,NA,NA,,,,Quebec,Breeding,,NA,Lotek,?,ML-6740,,NA,Unpublished,No,120,NA,59.49442113,Both,Yes,Yes,92.5417576,93.25,0.1,1000,20,3,2,0.92,250,14,FALSE,,Eastern,TRUE,FALSE,-71.08742,47.38323,2019-09-25,2020-05-03,2020,2020-03-19,No,2019-07-17,2019-09-29,NA,NA,0,Eastern Region,Nonbreeding,2,81542.2121553409,374347.523026833,2020-03-30 22:58:30,12,9
121,V8296_017,2020-05-04 23:04:00,2020-05-08 22:53:18,-69.3408200063027,-70.221432750266,-68.5383607833444,9.62192878608466,7.52265513947149,11.2467739663356,9,3.99256944444444,Pre-breeding migration,,2920-25338,NA,Setophaga,2019-07-11,5:50,2020-05-27,,2019-07-11,,,,72,10.9,Male,striata,harness,47.38355,-71.08777,NA,NA,,,,Quebec,Breeding,,NA,Lotek,?,ML-6740,,NA,Unpublished,No,120,NA,59.49442113,Both,Yes,Yes,92.5417576,93.25,0.1,1000,20,3,2,0.92,250,14,FALSE,,Eastern,TRUE,FALSE,-71.08742,47.38323,2019-09-25,2020-05-03,2020,2020-03-19,No,2019-07-17,2019-09-29,NA,NA,0,Eastern Region,Stopover,NA,184722.792135246,414567.011460161,2020-03-30 22:58:30,9,NA
122,V8296_017,2020-05-10 10:04:15,2020-05-13 23:05:22,-69.9486954335143,-70.2920894553526,-69.4511095193309,11.3942024811183,10.5902959191973,12.0954972851511,10,3.54244212962963,Pre-breeding migration,,2920-25338,NA,Setophaga,2019-07-11,5:50,2020-05-27,,2019-07-11,,,,72,10.9,Male,striata,harness,47.38355,-71.08777,NA,NA,,,,Quebec,Breeding,,NA,Lotek,?,ML-6740,,NA,Unpublished,No,120,NA,59.49442113,Both,Yes,Yes,92.5417576,93.25,0.1,1000,20,3,2,0.92,250,14,FALSE,,Eastern,TRUE,FALSE,-71.08742,47.38323,2019-09-25,2020-05-03,2020,2020-03-19,No,2019-07-17,2019-09-29,NA,NA,0,Eastern Region,Stopover,NA,91772.3354960195,167558.249599316,2020-03-30 22:58:30,9,13
123,V8296_017,2020-05-22 00:36:00,2020-05-24 09:39:31,-77.4827202177084,-78.7195669918959,-76.4916307544823,36.7718775433231,35.483683135812,38.6537639470178,11,2.37744212962963,Pre-breeding migration,,2920-25338,NA,Setophaga,2019-07-11,5:50,2020-05-27,,2019-07-11,,,,72,10.9,Male,striata,harness,47.38355,-71.08777,NA,NA,,,,Quebec,Breeding,,NA,Lotek,?,ML-6740,,NA,Unpublished,No,120,NA,59.49442113,Both,Yes,Yes,92.5417576,93.25,0.1,1000,20,3,2,0.92,250,14,FALSE,,Eastern,TRUE,FALSE,-71.08742,47.38323,2019-09-25,2020-05-03,2020,2020-03-19,No,2019-07-17,2019-09-29,NA,NA,0,Eastern Region,Stopover,NA,198659.982009928,352891.78167695,2020-03-30 22:58:30,13,21
124,V8296_017,2020-05-26 00:20:00,2020-05-27 08:40:15,-71.08742,-71.08777,-71.08777,47.38323,47.38355,47.38355,12,1.34739583333333,Pre-breeding migration,,2920-25338,NA,Setophaga,2019-07-11,5:50,2020-05-27,,2019-07-11,,,,72,10.9,Male,striata,harness,47.38355,-71.08777,NA,NA,,,,Quebec,Breeding,,NA,Lotek,?,ML-6740,,NA,Unpublished,No,120,NA,59.49442113,Both,Yes,Yes,92.5417576,93.25,0.1,1000,20,3,2,0.92,250,14,FALSE,,Eastern,TRUE,FALSE,-71.08742,47.38323,2019-09-25,2020-05-03,2020,2020-03-19,No,2019-07-17,2019-09-29,NA,NA,0,Eastern Region,Breeding,NA,NA,NA,NA,21,NA
125,V8296_026,NA,NA,-71.08742,-71.08306,-71.08306,47.38323,47.381100000000004,47.381100000000004,1,NA,Pre-breeding migration,,2920-25334,NA,Setophaga,2019-07-10,7:20,?,,2019-07-10,,,,75,13.4,Male,striata,harness,47.381100000000004,-71.08306,NA,NA,,,,Quebec,Breeding,,NA,Lotek,?,ML-6740,,NA,Unpublished,No,120,NA,55.38074997,Both,Yes,Yes,91.87504221,93,0.12,1000,20,3,2,0.9,250,14,FALSE,,Eastern,FALSE,FALSE,-71.08742,47.38323,2019-10-02,2020-05-07,2020,2020-03-19,No,2019-07-20,2019-09-15,NA,NA,0,Eastern Region,Breeding,NA,NA,NA,NA,21,12
126,V8296_026,2020-04-19 23:09:37,2020-05-07 23:01:07,-71.3974461786305,-71.8488176899127,-70.9501773951918,9.00384776163967,7.88934096119266,11.0653419970139,10,17.9940972222222,Non-breeding period,,2920-25334,NA,Setophaga,2019-07-10,7:20,?,,2019-07-10,,,,75,13.4,Male,striata,harness,47.381100000000004,-71.08306,NA,NA,,,,Quebec,Breeding,,NA,Lotek,?,ML-6740,,NA,Unpublished,No,120,NA,55.38074997,Both,Yes,Yes,91.87504221,93,0.12,1000,20,3,2,0.9,250,14,FALSE,,Eastern,FALSE,FALSE,-71.08742,47.38323,2019-10-02,2020-05-07,2020,2020-03-19,No,2019-07-20,2019-09-15,NA,NA,0,Eastern Region,Nonbreeding,2,98803.4926777069,353550.818066526,2020-04-19 23:09:37,12,13
127,V8296_026,2020-05-16 00:48:14,2020-05-21 10:07:07,-80.8194384958009,-81.5813273716312,-80.0337423408611,37.5814163591329,36.7270667200186,38.9132731530082,11,5.38811342592593,Pre-breeding migration,,2920-25334,NA,Setophaga,2019-07-10,7:20,?,,2019-07-10,,,,75,13.4,Male,striata,harness,47.381100000000004,-71.08306,NA,NA,,,,Quebec,Breeding,,NA,Lotek,?,ML-6740,,NA,Unpublished,No,120,NA,55.38074997,Both,Yes,Yes,91.87504221,93,0.12,1000,20,3,2,0.9,250,14,FALSE,,Eastern,FALSE,FALSE,-71.08742,47.38323,2019-10-02,2020-05-07,2020,2020-03-19,No,2019-07-20,2019-09-15,NA,NA,0,Eastern Region,Stopover,NA,136525.331926188,243367.386889384,2020-04-19 23:09:37,13,21
128,V8296_026,2020-05-26 00:45:07,2020-06-04 08:34:43,-71.08742,-71.08306,-71.08306,47.38323,47.381100000000004,47.381100000000004,12,9.32611111111111,Pre-breeding migration,,2920-25334,NA,Setophaga,2019-07-10,7:20,?,,2019-07-10,,,,75,13.4,Male,striata,harness,47.381100000000004,-71.08306,NA,NA,,,,Quebec,Breeding,,NA,Lotek,?,ML-6740,,NA,Unpublished,No,120,NA,55.38074997,Both,Yes,Yes,91.87504221,93,0.12,1000,20,3,2,0.9,250,14,FALSE,,Eastern,FALSE,FALSE,-71.08742,47.38323,2019-10-02,2020-05-07,2020,2020-03-19,No,2019-07-20,2019-09-15,NA,NA,0,Eastern Region,Breeding,NA,NA,NA,NA,21,NA
134,V8757_018,NA,NA,-71.08742,-71.08742,-71.08742,47.38323,47.38517,47.38517,1,NA,Pre-breeding migration,,2920-25337,NA,Setophaga,2019-07-11,5:40,?,,2019-07-11,2020-06-03,,,74,12.1,Male,striata,harness,47.38517,-71.08742,NA,NA,,,,Quebec,Breeding,,NA,Lotek,?,ML-6740,,NA,Unpublished,No,120,NA,56.71374323,Both,Yes,Yes,92.21088445,90.75,0.05,1000,20,3,2,0.92,250,14,FALSE,,Eastern,TRUE,FALSE,-71.08742,47.38323,2019-10-06,2020-04-26,2020,2020-03-19,No,2019-07-15,2019-08-30,2020-06-01,2020-06-15,0,Eastern Region,Breeding,NA,NA,NA,NA,21,9
135,V8757_018,2019-10-06 21:55:57,2020-04-26 10:34:09,-70.3204186801942,-70.5535079671795,-70.107735296805,11.1709268013638,10.8099683751031,11.3273029302554,7,202.526527777778,Non-breeding period,,2920-25337,NA,Setophaga,2019-07-11,5:40,?,,2019-07-11,2020-06-03,,,74,12.1,Male,striata,harness,47.38517,-71.08742,NA,NA,,,,Quebec,Breeding,,NA,Lotek,?,ML-6740,,NA,Unpublished,No,120,NA,56.71374323,Both,Yes,Yes,92.21088445,90.75,0.05,1000,20,3,2,0.92,250,14,FALSE,,Eastern,TRUE,FALSE,-71.08742,47.38323,2019-10-06,2020-04-26,2020,2020-03-19,No,2019-07-15,2019-08-30,2020-06-01,2020-06-15,0,Eastern Region,Nonbreeding,1,48683.0007296165,57589.4192493135,2019-10-06 21:55:57,9,12
136,V8757_018,2020-04-27 22:45:57,2020-04-30 22:41:48,-69.7893272157998,-71.6097509308059,-68.1054462399413,7.86650580420878,3.2204760805633,11.0985841593961,8,2.99711805555556,Pre-breeding migration,,2920-25337,NA,Setophaga,2019-07-11,5:40,?,,2019-07-11,2020-06-03,,,74,12.1,Male,striata,harness,47.38517,-71.08742,NA,NA,,,,Quebec,Breeding,,NA,Lotek,?,ML-6740,,NA,Unpublished,No,120,NA,56.71374323,Both,Yes,Yes,92.21088445,90.75,0.05,1000,20,3,2,0.92,250,14,FALSE,,Eastern,TRUE,FALSE,-71.08742,47.38323,2019-10-06,2020-04-26,2020,2020-03-19,No,2019-07-15,2019-08-30,2020-06-01,2020-06-15,0,Eastern Region,Stopover,NA,386425.328747138,876986.979750038,2019-10-06 21:55:57,12,2
137,V8757_018,2020-05-02 10:08:13,2020-05-04 23:21:48,-74.1497390725973,-74.1610637518254,-74.1297976808252,18.641628603696,18.6236455229795,18.6457398112899,9,2.55109953703704,Pre-breeding migration,,2920-25337,NA,Setophaga,2019-07-11,5:40,?,,2019-07-11,2020-06-03,,,74,12.1,Male,striata,harness,47.38517,-71.08742,NA,NA,,,,Quebec,Breeding,,NA,Lotek,?,ML-6740,,NA,Unpublished,No,120,NA,56.71374323,Both,Yes,Yes,92.21088445,90.75,0.05,1000,20,3,2,0.92,250,14,FALSE,,Eastern,TRUE,FALSE,-71.08742,47.38323,2019-10-06,2020-04-26,2020,2020-03-19,No,2019-07-15,2019-08-30,2020-06-01,2020-06-15,0,Eastern Region,Stopover,NA,3297.92238949488,2459.52492416078,2019-10-06 21:55:57,2,10
138,V8757_018,2020-05-07 10:38:16,2020-05-12 00:10:30,-80.771212851083,-81.7689915546012,-80.1021475566647,28.3008445023459,26.6858784852113,32.9568507657692,10,4.56405092592593,Pre-breeding migration,,2920-25337,NA,Setophaga,2019-07-11,5:40,?,,2019-07-11,2020-06-03,,,74,12.1,Male,striata,harness,47.38517,-71.08742,NA,NA,,,,Quebec,Breeding,,NA,Lotek,?,ML-6740,,NA,Unpublished,No,120,NA,56.71374323,Both,Yes,Yes,92.21088445,90.75,0.05,1000,20,3,2,0.92,250,14,FALSE,,Eastern,TRUE,FALSE,-71.08742,47.38323,2019-10-06,2020-04-26,2020,2020-03-19,No,2019-07-15,2019-08-30,2020-06-01,2020-06-15,0,Eastern Region,Stopover,NA,163371.94042564,698081.441050432,2019-10-06 21:55:57,10,21
139,V8757_018,2020-05-22 00:40:30,2020-06-19 08:09:30,-71.08742,-71.08742,-71.08742,47.38323,47.38517,47.38517,11,28.3118055555556,Pre-breeding migration,,2920-25337,NA,Setophaga,2019-07-11,5:40,?,,2019-07-11,2020-06-03,,,74,12.1,Male,striata,harness,47.38517,-71.08742,NA,NA,,,,Quebec,Breeding,,NA,Lotek,?,ML-6740,,NA,Unpublished,No,120,NA,56.71374323,Both,Yes,Yes,92.21088445,90.75,0.05,1000,20,3,2,0.92,250,14,FALSE,,Eastern,TRUE,FALSE,-71.08742,47.38323,2019-10-06,2020-04-26,2020,2020-03-19,No,2019-07-15,2019-08-30,2020-06-01,2020-06-15,0,Eastern Region,Breeding,NA,NA,NA,NA,21,NA
159,V8757_078,NA,NA,-71.08742,-71.09769,-71.09769,47.38323,47.37864,47.37864,1,NA,Pre-breeding migration,,2920-25303,NA,Setophaga,2019-06-17,6:10,?,,2019-06-17,2020-06-17,,,69,10.7,Male,striata,harness,47.37864,-71.09769,NA,NA,,,,Quebec,Breeding,,NA,Lotek,?,ML-6740,,NA,Unpublished,No,120,NA,56.24816041,Both,Yes,Yes,92.72218901,93,0.11,1000,20,3,2,0.87,250,14,FALSE,,Eastern,TRUE,FALSE,-71.08742,47.38323,2019-10-09 10:38,2020-04-28 10:15,2020,2020-03-19,No,2019-07-01,2019-09-20,2020-06-05,2020-06-15,0,Eastern Region,Breeding,NA,NA,NA,NA,21,12
160,V8757_078,2020-03-22 23:04:00,2020-04-28 10:15:05,-69.6889113985113,-70.2427880313933,-69.1727937279793,7.33945247165044,4.41986792600901,10.2716279451476,6,36.4660300925926,Non-breeding period,,2920-25303,NA,Setophaga,2019-06-17,6:10,?,,2019-06-17,2020-06-17,,,69,10.7,Male,striata,harness,47.37864,-71.09769,NA,NA,,,,Quebec,Breeding,,NA,Lotek,?,ML-6740,,NA,Unpublished,No,120,NA,56.24816041,Both,Yes,Yes,92.72218901,93,0.11,1000,20,3,2,0.87,250,14,FALSE,,Eastern,TRUE,FALSE,-71.08742,47.38323,2019-10-09 10:38,2020-04-28 10:15,2020,2020-03-19,No,2019-07-01,2019-09-20,2020-06-05,2020-06-15,0,Eastern Region,Nonbreeding,3,118135.280676774,651414.945574943,2020-03-22 23:04:00,12,9
161,V8757_078,2020-05-03 10:09:45,2020-05-13 23:07:45,-70.1559538625628,-71.031571891771,-69.434100268993,10.9878882777319,9.52900230427506,12.0579118963027,7,10.5402777777778,Pre-breeding migration,,2920-25303,NA,Setophaga,2019-06-17,6:10,?,,2019-06-17,2020-06-17,,,69,10.7,Male,striata,harness,47.37864,-71.09769,NA,NA,,,,Quebec,Breeding,,NA,Lotek,?,ML-6740,,NA,Unpublished,No,120,NA,56.24816041,Both,Yes,Yes,92.72218901,93,0.11,1000,20,3,2,0.87,250,14,FALSE,,Eastern,TRUE,FALSE,-71.08742,47.38323,2019-10-09 10:38,2020-04-28 10:15,2020,2020-03-19,No,2019-07-01,2019-09-20,2020-06-05,2020-06-15,0,Eastern Region,Stopover,NA,174569.458074393,281516.928046736,2020-03-22 23:04:00,9,10
162,V8757_078,2020-05-15 10:03:30,2020-05-18 00:14:41,-77.1260452990604,-77.17081643173,-77.0757131172859,26.4457168240588,26.2984657495324,26.581245392207,8,2.59109953703704,Pre-breeding migration,,2920-25303,NA,Setophaga,2019-06-17,6:10,?,,2019-06-17,2020-06-17,,,69,10.7,Male,striata,harness,47.37864,-71.09769,NA,NA,,,,Quebec,Breeding,,NA,Lotek,?,ML-6740,,NA,Unpublished,No,120,NA,56.24816041,Both,Yes,Yes,92.72218901,93,0.11,1000,20,3,2,0.87,250,14,FALSE,,Eastern,TRUE,FALSE,-71.08742,47.38323,2019-10-09 10:38,2020-04-28 10:15,2020,2020-03-19,No,2019-07-01,2019-09-20,2020-06-05,2020-06-15,0,Eastern Region,Stopover,NA,9479.00909973588,31478.8858292446,2020-03-22 23:04:00,10,21
163,V8757_078,2020-06-04 08:29:00,2020-06-15 08:18:49,-71.08742,-71.09769,-71.09769,47.38323,47.37864,47.37864,9,10.9929282407407,Pre-breeding migration,,2920-25303,NA,Setophaga,2019-06-17,6:10,?,,2019-06-17,2020-06-17,,,69,10.7,Male,striata,harness,47.37864,-71.09769,NA,NA,,,,Quebec,Breeding,,NA,Lotek,?,ML-6740,,NA,Unpublished,No,120,NA,56.24816041,Both,Yes,Yes,92.72218901,93,0.11,1000,20,3,2,0.87,250,14,FALSE,,Eastern,TRUE,FALSE,-71.08742,47.38323,2019-10-09 10:38,2020-04-28 10:15,2020,2020-03-19,No,2019-07-01,2019-09-20,2020-06-05,2020-06-15,0,Eastern Region,Breeding,NA,NA,NA,NA,21,NA
164,V8757_096,NA,NA,-56.225,-56.225,-56.225,49.45833,49.45833,49.45833,1,NA,Pre-breeding migration,,2740 67825 ,NA,Setophaga,25-06-2019,9:30:00,,,2019-07-12,2020-07-08,,Second Year,76,12.7,Male,striata,,49.45833,-56.225,NA,NA,,,,Newfoundland ,Breeding,,NA,Lotek,,ML-6740,,NA,Unpublished,Yes ,120,NA,-3.920918413,Both,Yes,Yes,97.68084082,92.25,0.2,1000,20,3,2,0.9,250,14,FALSE,No,Eastern,FALSE,TRUE,-56.225,49.45833,2012-11-19,2013-05-23,2020,2020-03-19,No,2012-07-20,2012-09-20,2013-06-20,2013-07-07,0,Eastern Region,Breeding,NA,NA,NA,NA,18,12
165,V8757_096,2013-05-06 23:00:58.293221,2013-05-23 22:56:33.2037,-69.7490285474923,-70.6032873406046,-68.8642165485769,4.76460956694383,3.16411946342596,7.6188093076522,12,16.996931834243,Non-breeding period,,2740 67825 ,NA,Setophaga,25-06-2019,9:30:00,,,2019-07-12,2020-07-08,,Second Year,76,12.7,Male,striata,,49.45833,-56.225,NA,NA,,,,Newfoundland ,Breeding,,NA,Lotek,,ML-6740,,NA,Unpublished,Yes ,120,NA,-3.920918413,Both,Yes,Yes,97.68084082,92.25,0.2,1000,20,3,2,0.9,250,14,FALSE,No,Eastern,FALSE,TRUE,-56.225,49.45833,2012-11-19,2013-05-23,2020,2020-03-19,No,2012-07-20,2012-09-20,2013-06-20,2013-07-07,0,Eastern Region,Nonbreeding,3,192923.437102513,495893.805101232,2013-05-06 23:00:58.293221,12,10
166,V8757_096,2013-05-27 10:20:40.391151,2013-05-30 00:07:12.525045,-81.0836846051738,-83.0125312276412,-80.2573333629061,26.8069330012524,25.3007177047264,30.8798926899679,13,2.57398303118017,Pre-breeding migration,,2740 67825 ,NA,Setophaga,25-06-2019,9:30:00,,,2019-07-12,2020-07-08,,Second Year,76,12.7,Male,striata,,49.45833,-56.225,NA,NA,,,,Newfoundland ,Breeding,,NA,Lotek,,ML-6740,,NA,Unpublished,Yes ,120,NA,-3.920918413,Both,Yes,Yes,97.68084082,92.25,0.2,1000,20,3,2,0.9,250,14,FALSE,No,Eastern,FALSE,TRUE,-56.225,49.45833,2012-11-19,2013-05-23,2020,2020-03-19,No,2012-07-20,2012-09-20,2013-06-20,2013-07-07,0,Eastern Region,Stopover,NA,273740.417312314,621070.918403651,2013-05-06 23:00:58.293221,10,13
167,V8757_096,2013-06-02 00:31:12.685718,2013-06-12 09:38:28.248073,-77.8468976175375,-78.8199655974545,-76.3058623380486,34.8515004812051,34.0063188693516,36.2701018449346,14,10.3800412309556,Pre-breeding migration,,2740 67825 ,NA,Setophaga,25-06-2019,9:30:00,,,2019-07-12,2020-07-08,,Second Year,76,12.7,Male,striata,,49.45833,-56.225,NA,NA,,,,Newfoundland ,Breeding,,NA,Lotek,,ML-6740,,NA,Unpublished,Yes ,120,NA,-3.920918413,Both,Yes,Yes,97.68084082,92.25,0.2,1000,20,3,2,0.9,250,14,FALSE,No,Eastern,FALSE,TRUE,-56.225,49.45833,2012-11-19,2013-05-23,2020,2020-03-19,No,2012-07-20,2012-09-20,2013-06-20,2013-07-07,0,Eastern Region,Stopover,NA,229664.277642405,252003.16810838,2013-05-06 23:00:58.293221,13,18
168,V8757_096,2013-07-02 07:22:42.319224,2013-07-08 07:27:21.640569,-56.225,-56.225,-56.225,49.45833,49.45833,49.45833,17,6.00323288594131,Pre-breeding migration,,2740 67825 ,NA,Setophaga,25-06-2019,9:30:00,,,2019-07-12,2020-07-08,,Second Year,76,12.7,Male,striata,,49.45833,-56.225,NA,NA,,,,Newfoundland ,Breeding,,NA,Lotek,,ML-6740,,NA,Unpublished,Yes ,120,NA,-3.920918413,Both,Yes,Yes,97.68084082,92.25,0.2,1000,20,3,2,0.9,250,14,FALSE,No,Eastern,FALSE,TRUE,-56.225,49.45833,2012-11-19,2013-05-23,2020,2020-03-19,No,2012-07-20,2012-09-20,2013-06-20,2013-07-07,0,Eastern Region,Breeding,NA,NA,NA,NA,18,NA
169,V8757_134,NA,NA,-56.225,-56.225,-56.225,49.45833,49.45833,49.45833,1,NA,Pre-breeding migration,,2740 67829 ,NA,Setophaga,26-06-2019,8:10:00,,,2019-07-12,2020-07-12,,After Hatching Year ,74,12.8,Male,striata,,49.45833,-56.225,NA,NA,,,,Newfoundland ,Breeding,,NA,Lotek,,ML-6740,,NA,Unpublished,No,120,NA,-4.443608006,Both,Yes,Yes,97.13703665,91.5,0.16,1000,20,3,2,0.86,250,14,FALSE,,Eastern,FALSE,TRUE,-56.225,49.45833,2012-10-21,2013-05-13,2020,2020-03-19,No,2012-07-20,2012-09-20,2013-06-20,2013-07-02,0,Eastern Region,Breeding,NA,NA,NA,NA,18,12
170,V8757_134,2013-04-27 22:38:36,2013-05-13 22:47:34,-67.3288029911764,-68.6075550910203,-66.0182265097959,7.27591639545936,4.23645131045906,10.2841253094705,10,16.0062268518518,Non-breeding period,,2740 67829 ,NA,Setophaga,26-06-2019,8:10:00,,,2019-07-12,2020-07-12,,After Hatching Year ,74,12.8,Male,striata,,49.45833,-56.225,NA,NA,,,,Newfoundland ,Breeding,,NA,Lotek,,ML-6740,,NA,Unpublished,No,120,NA,-4.443608006,Both,Yes,Yes,97.13703665,91.5,0.16,1000,20,3,2,0.86,250,14,FALSE,,Eastern,FALSE,TRUE,-56.225,49.45833,2012-10-21,2013-05-13,2020,2020-03-19,No,2012-07-20,2012-09-20,2013-06-20,2013-07-02,0,Eastern Region,Nonbreeding,3,285921.350562895,673223.990053676,2013-04-27 22:38:36,12,10
171,V8757_134,2013-05-20 10:23:56,2013-05-23 10:14:12,-81.2813928254781,-83.3987366020395,-78.0493118764445,29.9384959788723,26.0957331761051,36.1852474836582,11,2.99324074074074,Pre-breeding migration,,2740 67829 ,NA,Setophaga,26-06-2019,8:10:00,,,2019-07-12,2020-07-12,,After Hatching Year ,74,12.8,Male,striata,,49.45833,-56.225,NA,NA,,,,Newfoundland ,Breeding,,NA,Lotek,,ML-6740,,NA,Unpublished,No,120,NA,-4.443608006,Both,Yes,Yes,97.13703665,91.5,0.16,1000,20,3,2,0.86,250,14,FALSE,,Eastern,FALSE,TRUE,-56.225,49.45833,2012-10-21,2013-05-13,2020,2020-03-19,No,2012-07-20,2012-09-20,2013-06-20,2013-07-02,0,Eastern Region,Stopover,NA,515986.609657434,1123159.59506826,2013-04-27 22:38:36,10,13
172,V8757_134,2013-05-27 00:22:06,2013-06-02 09:58:12,-77.2808014128484,-79.1827023321585,-76.0772190690112,35.5895447102954,34.2523783217366,37.90180412054,12,6.40006944444444,Pre-breeding migration,,2740 67829 ,NA,Setophaga,26-06-2019,8:10:00,,,2019-07-12,2020-07-12,,After Hatching Year ,74,12.8,Male,striata,,49.45833,-56.225,NA,NA,,,,Newfoundland ,Breeding,,NA,Lotek,,ML-6740,,NA,Unpublished,No,120,NA,-4.443608006,Both,Yes,Yes,97.13703665,91.5,0.16,1000,20,3,2,0.86,250,14,FALSE,,Eastern,FALSE,TRUE,-56.225,49.45833,2012-10-21,2013-05-13,2020,2020-03-19,No,2012-07-20,2012-09-20,2013-06-20,2013-07-02,0,Eastern Region,Stopover,NA,281114.656608193,406252.22161062,2013-04-27 22:38:36,13,NA
173,V8757_134,2013-06-04 00:10:06,2013-06-09 09:20:12,-75.583792166279,-77.4751303595304,-73.8202113682135,38.9390863677559,36.7390810858999,41.4208383058396,13,5.38201388888889,Pre-breeding migration,,2740 67829 ,NA,Setophaga,26-06-2019,8:10:00,,,2019-07-12,2020-07-12,,After Hatching Year ,74,12.8,Male,striata,,49.45833,-56.225,NA,NA,,,,Newfoundland ,Breeding,,NA,Lotek,,ML-6740,,NA,Unpublished,No,120,NA,-4.443608006,Both,Yes,Yes,97.13703665,91.5,0.16,1000,20,3,2,0.86,250,14,FALSE,,Eastern,FALSE,TRUE,-56.225,49.45833,2012-10-21,2013-05-13,2020,2020-03-19,No,2012-07-20,2012-09-20,2013-06-20,2013-07-02,0,Eastern Region,Stopover,NA,316443.334829344,521170.829741426,2013-04-27 22:38:36,13,18
174,V8757_134,2013-07-01 00:12:36,2013-07-02 07:11:06,-56.225,-56.225,-56.225,49.45833,49.45833,49.45833,15,1.290625,Pre-breeding migration,,2740 67829 ,NA,Setophaga,26-06-2019,8:10:00,,,2019-07-12,2020-07-12,,After Hatching Year ,74,12.8,Male,striata,,49.45833,-56.225,NA,NA,,,,Newfoundland ,Breeding,,NA,Lotek,,ML-6740,,NA,Unpublished,No,120,NA,-4.443608006,Both,Yes,Yes,97.13703665,91.5,0.16,1000,20,3,2,0.86,250,14,FALSE,,Eastern,FALSE,TRUE,-56.225,49.45833,2012-10-21,2013-05-13,2020,2020-03-19,No,2012-07-20,2012-09-20,2013-06-20,2013-07-02,0,Eastern Region,Breeding,NA,NA,NA,NA,18,NA
175,WRMA04173,NA,NA,-74.3690894743091,-74.42628436898,-74.3333209798698,56.9876266737927,56.9763197942391,57.0103283131214,1,NA,Pre-breeding migration,,AA9562,NA,Setophaga,2020-03-07,6:40:00,2021-02-23,9:00:00,2020-03-07,,,After Hatching Year ,71,11.6,Female ,striata,,4.00841,-73.45515,NA,NA,,,,"Santa Rosa, Colombia",Nonbreeding,,NA,Lotek ,,ML-6740,,NA,Unpublished,Yes ,120,NA,NA,North,Yes,No,93.757347,NA,0.05,1000,20,3,2,0.9,250,14,FALSE,No,Eastern,FALSE,FALSE,-73.45515,4.00841,NA,2020-06-03 0:00,2020,2020-03-19,No,2020-03-15,2020-04-25,NA,NA,0,Eastern Region,Breeding,NA,NA,NA,NA,22,9
176,WRMA04173,2020-05-01 23:13:30,2020-06-03 00:00:24,-68.1221200152975,-68.1253638229551,-68.1138414795198,10.4866976477146,10.4830523536564,10.487586308733,3,32.0325694444444,Non-breeding period,,AA9562,NA,Setophaga,2020-03-07,6:40:00,2021-02-23,9:00:00,2020-03-07,,,After Hatching Year ,71,11.6,Female ,striata,,4.00841,-73.45515,NA,NA,,,,"Santa Rosa, Colombia",Nonbreeding,,NA,Lotek ,,ML-6740,,NA,Unpublished,Yes ,120,NA,NA,North,Yes,No,93.757347,NA,0.05,1000,20,3,2,0.9,250,14,FALSE,No,Eastern,FALSE,FALSE,-73.45515,4.00841,NA,2020-06-03 0:00,2020,2020-03-19,No,2020-03-15,2020-04-25,NA,NA,0,Eastern Region,Nonbreeding,2,1261.23735501515,504.717570405711,2020-05-01 23:13:30,9,13
177,WRMA04173,2020-06-04 10:03:45,2020-06-07 09:44:00,-80.5219891294662,-81.1551807450976,-79.9626960933234,35.220693899819,34.7283273597133,36.1606414947264,4,2.98628472222222,Pre-breeding migration,,AA9562,NA,Setophaga,2020-03-07,6:40:00,2021-02-23,9:00:00,2020-03-07,,,After Hatching Year ,71,11.6,Female ,striata,,4.00841,-73.45515,NA,NA,,,,"Santa Rosa, Colombia",Nonbreeding,,NA,Lotek ,,ML-6740,,NA,Unpublished,Yes ,120,NA,NA,North,Yes,No,93.757347,NA,0.05,1000,20,3,2,0.9,250,14,FALSE,No,Eastern,FALSE,FALSE,-73.45515,4.00841,NA,2020-06-03 0:00,2020,2020-03-19,No,2020-03-15,2020-04-25,NA,NA,0,Eastern Region,Stopover,NA,108445.062293861,159444.480165658,2020-05-01 23:13:30,13,22
178,WRMA04173,2020-06-18 02:00:00,2020-08-05 01:38:00,-74.3690894743091,-74.42628436898,-74.3333209798698,56.9876266737927,56.9763197942391,57.0103283131214,5,47.9847222222222,Pre-breeding migration,,AA9562,NA,Setophaga,2020-03-07,6:40:00,2021-02-23,9:00:00,2020-03-07,,,After Hatching Year ,71,11.6,Female ,striata,,4.00841,-73.45515,NA,NA,,,,"Santa Rosa, Colombia",Nonbreeding,,NA,Lotek ,,ML-6740,,NA,Unpublished,Yes ,120,NA,NA,North,Yes,No,93.757347,NA,0.05,1000,20,3,2,0.9,250,14,FALSE,No,Eastern,FALSE,FALSE,-73.45515,4.00841,NA,2020-06-03 0:00,2020,2020-03-19,No,2020-03-15,2020-04-25,NA,NA,0,Eastern Region,Breeding,NA,NA,NA,NA,22,NA
